#pragma once
#include <stdint.h>

// Czcionka wygenerowana dla 1170 znakow (SZEROKOSC 16-BIT)
static const uint16_t nowa_czcionka_16x16[1170][16] = {
    {0xF000, 0x9000, 0x9000, 0x9000, 0x9000, 0x9000, 0x9000, 0x9000, 0x9000, 0x9000, 0x9000, 0x9000, 0x9000, 0x9000, 0x9000, 0xF000}, // Znak 0
    {0x0000, 0x0000, 0x0000, 0x0000, 0x0000, 0x0000, 0x0000, 0x0000, 0x0000, 0x0000, 0x0000, 0x0000, 0x0000, 0x0000, 0x0000, 0x0000}, // Znak pusty
    {0x0000, 0x0000, 0x0000, 0x0000, 0x0000, 0x0000, 0x0000, 0x0000, 0x0000, 0x0000, 0x0000, 0x0000, 0x0000, 0x0000, 0x0000, 0x0000}, // Znak pusty
    {0x0000, 0x0000, 0x0000, 0x0000, 0x0000, 0x0000, 0x0000, 0x0000, 0x0000, 0x0000, 0x0000, 0x0000, 0x0000, 0x0000, 0x0000, 0x0000}, // Znak pusty
    {0x0000, 0x0000, 0x0000, 0x0000, 0x0000, 0x0000, 0x0000, 0x0000, 0x0000, 0x0000, 0x0000, 0x0000, 0x0000, 0x0000, 0x0000, 0x0000}, // Znak pusty
    {0x0000, 0x0000, 0x0000, 0x0000, 0x0000, 0x0000, 0x0000, 0x0000, 0x0000, 0x0000, 0x0000, 0x0000, 0x0000, 0x0000, 0x0000, 0x0000}, // Znak pusty
    {0x0000, 0x0000, 0x0000, 0x0000, 0x0000, 0x0000, 0x0000, 0x0000, 0x0000, 0x0000, 0x0000, 0x0000, 0x0000, 0x0000, 0x0000, 0x0000}, // Znak pusty
    {0x0000, 0x0000, 0x0000, 0x0000, 0x0000, 0x0000, 0x0000, 0x0000, 0x0000, 0x0000, 0x0000, 0x0000, 0x0000, 0x0000, 0x0000, 0x0000}, // Znak pusty
    {0x0000, 0x0000, 0x0000, 0x0000, 0x0000, 0x0000, 0x0000, 0x0000, 0x0000, 0x0000, 0x0000, 0x0000, 0x0000, 0x0000, 0x0000, 0x0000}, // Znak pusty
    {0x0000, 0x0000, 0x0000, 0x0000, 0x0000, 0x0000, 0x0000, 0x0000, 0x0000, 0x0000, 0x0000, 0x0000, 0x0000, 0x0000, 0x0000, 0x0000}, // Znak pusty
    {0x0000, 0x0000, 0x0000, 0x0000, 0x0000, 0x0000, 0x0000, 0x0000, 0x0000, 0x0000, 0x0000, 0x0000, 0x0000, 0x0000, 0x0000, 0x0000}, // Znak pusty
    {0x0000, 0x0000, 0x0000, 0x0000, 0x0000, 0x0000, 0x0000, 0x0000, 0x0000, 0x0000, 0x0000, 0x0000, 0x0000, 0x0000, 0x0000, 0x0000}, // Znak pusty
    {0x0000, 0x0000, 0x0000, 0x0000, 0x0000, 0x0000, 0x0000, 0x0000, 0x0000, 0x0000, 0x0000, 0x0000, 0x0000, 0x0000, 0x0000, 0x0000}, // Znak pusty
    {0x0000, 0x0000, 0x0000, 0x0000, 0x0000, 0x0000, 0x0000, 0x0000, 0x0000, 0x0000, 0x0000, 0x0000, 0x0000, 0x0000, 0x0000, 0x0000}, // Znak pusty
    {0x0000, 0x0000, 0x0000, 0x0000, 0x0000, 0x0000, 0x0000, 0x0000, 0x0000, 0x0000, 0x0000, 0x0000, 0x0000, 0x0000, 0x0000, 0x0000}, // Znak pusty
    {0x0000, 0x0000, 0x0000, 0x0000, 0x0000, 0x0000, 0x0000, 0x0000, 0x0000, 0x0000, 0x0000, 0x0000, 0x0000, 0x0000, 0x0000, 0x0000}, // Znak pusty
    {0x0000, 0x0000, 0x0000, 0x0000, 0x0000, 0x0000, 0x0000, 0x0000, 0x0000, 0x0000, 0x0000, 0x0000, 0x0000, 0x0000, 0x0000, 0x0000}, // Znak pusty
    {0x0000, 0x0000, 0x0000, 0x0000, 0x0000, 0x0000, 0x0000, 0x0000, 0x0000, 0x0000, 0x0000, 0x0000, 0x0000, 0x0000, 0x0000, 0x0000}, // Znak pusty
    {0x0000, 0x0000, 0x0000, 0x0000, 0x0000, 0x0000, 0x0000, 0x0000, 0x0000, 0x0000, 0x0000, 0x0000, 0x0000, 0x0000, 0x0000, 0x0000}, // Znak pusty
    {0x0000, 0x0000, 0x0000, 0x0000, 0x0000, 0x0000, 0x0000, 0x0000, 0x0000, 0x0000, 0x0000, 0x0000, 0x0000, 0x0000, 0x0000, 0x0000}, // Znak pusty
    {0x0000, 0x0000, 0x0000, 0x0000, 0x0000, 0x0000, 0x0000, 0x0000, 0x0000, 0x0000, 0x0000, 0x0000, 0x0000, 0x0000, 0x0000, 0x0000}, // Znak pusty
    {0x0000, 0x0000, 0x0000, 0x0000, 0x0000, 0x0000, 0x0000, 0x0000, 0x0000, 0x0000, 0x0000, 0x0000, 0x0000, 0x0000, 0x0000, 0x0000}, // Znak pusty
    {0x0000, 0x0000, 0x0000, 0x0000, 0x0000, 0x0000, 0x0000, 0x0000, 0x0000, 0x0000, 0x0000, 0x0000, 0x0000, 0x0000, 0x0000, 0x0000}, // Znak pusty
    {0x0000, 0x0000, 0x0000, 0x0000, 0x0000, 0x0000, 0x0000, 0x0000, 0x0000, 0x0000, 0x0000, 0x0000, 0x0000, 0x0000, 0x0000, 0x0000}, // Znak pusty
    {0x0000, 0x0000, 0x0000, 0x0000, 0x0000, 0x0000, 0x0000, 0x0000, 0x0000, 0x0000, 0x0000, 0x0000, 0x0000, 0x0000, 0x0000, 0x0000}, // Znak pusty
    {0x0000, 0x0000, 0x0000, 0x0000, 0x0000, 0x0000, 0x0000, 0x0000, 0x0000, 0x0000, 0x0000, 0x0000, 0x0000, 0x0000, 0x0000, 0x0000}, // Znak pusty
    {0x0000, 0x0000, 0x0000, 0x0000, 0x0000, 0x0000, 0x0000, 0x0000, 0x0000, 0x0000, 0x0000, 0x0000, 0x0000, 0x0000, 0x0000, 0x0000}, // Znak pusty
    {0x0000, 0x0000, 0x0000, 0x0000, 0x0000, 0x0000, 0x0000, 0x0000, 0x0000, 0x0000, 0x0000, 0x0000, 0x0000, 0x0000, 0x0000, 0x0000}, // Znak pusty
    {0x0000, 0x0000, 0x0000, 0x0000, 0x0000, 0x0000, 0x0000, 0x0000, 0x0000, 0x0000, 0x0000, 0x0000, 0x0000, 0x0000, 0x0000, 0x0000}, // Znak pusty
    {0x0000, 0x0000, 0x0000, 0x0000, 0x0000, 0x0000, 0x0000, 0x0000, 0x0000, 0x0000, 0x0000, 0x0000, 0x0000, 0x0000, 0x0000, 0x0000}, // Znak pusty
    {0x0000, 0x0000, 0x0000, 0x0000, 0x0000, 0x0000, 0x0000, 0x0000, 0x0000, 0x0000, 0x0000, 0x0000, 0x0000, 0x0000, 0x0000, 0x0000}, // Znak pusty
    {0x0000, 0x0000, 0x0000, 0x0000, 0x0000, 0x0000, 0x0000, 0x0000, 0x0000, 0x0000, 0x0000, 0x0000, 0x0000, 0x0000, 0x0000, 0x0000}, // Znak pusty
    {0x0000, 0x0000, 0x0000, 0x0000, 0x0000, 0x0000, 0x0000, 0x0000, 0x0000, 0x0000, 0x0000, 0x0000, 0x0000, 0x0000, 0x0000, 0x0000}, // Znak 32
    {0x0000, 0x0000, 0x0000, 0xC000, 0xC000, 0xC000, 0xC000, 0xC000, 0xC000, 0xC000, 0xC000, 0x0000, 0xC000, 0x0000, 0x0000, 0x0000}, // Znak 33
    {0x0000, 0x0000, 0x0000, 0xD800, 0xD800, 0xD800, 0xD800, 0x0000, 0x0000, 0x0000, 0x0000, 0x0000, 0x0000, 0x0000, 0x0000, 0x0000}, // Znak 34
    {0x0000, 0x0000, 0x0000, 0x6C00, 0x6C00, 0x6C00, 0xFE00, 0x6C00, 0x6C00, 0xFE00, 0x6C00, 0x6C00, 0x6C00, 0x0000, 0x0000, 0x0000}, // Znak 35
    {0x0000, 0x0000, 0x1800, 0x7E00, 0xDB00, 0xD800, 0xD800, 0x7E00, 0x1B00, 0x1B00, 0x1B00, 0xDB00, 0x7E00, 0x1800, 0x0000, 0x0000}, // Znak 36
    {0x0000, 0x0000, 0x0000, 0x7000, 0xD8C0, 0xD980, 0x7300, 0x0600, 0x0C00, 0x19C0, 0x3360, 0x6360, 0x01C0, 0x0000, 0x0000, 0x0000}, // Znak 37
    {0x0000, 0x0000, 0x0000, 0x3800, 0x6C00, 0x6C00, 0x6C00, 0x3800, 0x7800, 0xCC00, 0xCF00, 0xC600, 0x7F00, 0x0000, 0x0000, 0x0000}, // Znak 38
    {0x0000, 0x0000, 0x0000, 0xC000, 0xC000, 0xC000, 0xC000, 0x0000, 0x0000, 0x0000, 0x0000, 0x0000, 0x0000, 0x0000, 0x0000, 0x0000}, // Znak 39
    {0x0000, 0x0000, 0x0000, 0x3000, 0x6000, 0x6000, 0xC000, 0xC000, 0xC000, 0xC000, 0xC000, 0xC000, 0xC000, 0x6000, 0x6000, 0x3000}, // Znak 40
    {0x0000, 0x0000, 0x0000, 0xC000, 0x6000, 0x6000, 0x3000, 0x3000, 0x3000, 0x3000, 0x3000, 0x3000, 0x3000, 0x6000, 0x6000, 0xC000}, // Znak 41
    {0x0000, 0x0000, 0x0000, 0x0000, 0x0000, 0x3000, 0xFC00, 0x7800, 0xFC00, 0x3000, 0x0000, 0x0000, 0x0000, 0x0000, 0x0000, 0x0000}, // Znak 42
    {0x0000, 0x0000, 0x0000, 0x0000, 0x0000, 0x3000, 0x3000, 0xFC00, 0x3000, 0x3000, 0x0000, 0x0000, 0x0000, 0x0000, 0x0000, 0x0000}, // Znak 43
    {0x0000, 0x0000, 0x0000, 0x0000, 0x0000, 0x0000, 0x0000, 0x0000, 0x0000, 0x0000, 0x0000, 0x0000, 0x6000, 0xC000, 0x0000, 0x0000}, // Znak 44
    {0x0000, 0x0000, 0x0000, 0x0000, 0x0000, 0x0000, 0x0000, 0xF800, 0x0000, 0x0000, 0x0000, 0x0000, 0x0000, 0x0000, 0x0000, 0x0000}, // Znak 45
    {0x0000, 0x0000, 0x0000, 0x0000, 0x0000, 0x0000, 0x0000, 0x0000, 0x0000, 0x0000, 0x0000, 0x0000, 0xC000, 0x0000, 0x0000, 0x0000}, // Znak 46
    {0x0000, 0x0000, 0x0000, 0x1800, 0x1800, 0x1800, 0x3000, 0x3000, 0x3000, 0x6000, 0x6000, 0x6000, 0xC000, 0xC000, 0xC000, 0x0000}, // Znak 47
    {0x0000, 0x0000, 0x0000, 0x7800, 0xCC00, 0xCC00, 0xCC00, 0xCC00, 0xCC00, 0xCC00, 0xCC00, 0xCC00, 0x7800, 0x0000, 0x0000, 0x0000}, // Znak 48
    {0x0000, 0x0000, 0x0000, 0x3000, 0x7000, 0xF000, 0x3000, 0x3000, 0x3000, 0x3000, 0x3000, 0x3000, 0x3000, 0x0000, 0x0000, 0x0000}, // Znak 49
    {0x0000, 0x0000, 0x0000, 0x7800, 0xCC00, 0x0C00, 0x0C00, 0x1800, 0x3000, 0x6000, 0xC000, 0xC000, 0xFC00, 0x0000, 0x0000, 0x0000}, // Znak 50
    {0x0000, 0x0000, 0x0000, 0x7800, 0xCC00, 0x0C00, 0x0C00, 0x3800, 0x0C00, 0x0C00, 0x0C00, 0xCC00, 0x7800, 0x0000, 0x0000, 0x0000}, // Znak 51
    {0x0000, 0x0000, 0x0000, 0x0C00, 0x1C00, 0x3C00, 0x6C00, 0xCC00, 0xFC00, 0x0C00, 0x0C00, 0x0C00, 0x0C00, 0x0000, 0x0000, 0x0000}, // Znak 52
    {0x0000, 0x0000, 0x0000, 0xFC00, 0xC000, 0xC000, 0xC000, 0xF800, 0xCC00, 0x0C00, 0x0C00, 0xCC00, 0x7800, 0x0000, 0x0000, 0x0000}, // Znak 53
    {0x0000, 0x0000, 0x0000, 0x7800, 0xCC00, 0xC000, 0xC000, 0xF800, 0xCC00, 0xCC00, 0xCC00, 0xCC00, 0x7800, 0x0000, 0x0000, 0x0000}, // Znak 54
    {0x0000, 0x0000, 0x0000, 0xFC00, 0x0C00, 0x0C00, 0x1800, 0x1800, 0x3000, 0x3000, 0x6000, 0x6000, 0x6000, 0x0000, 0x0000, 0x0000}, // Znak 55
    {0x0000, 0x0000, 0x0000, 0x7800, 0xCC00, 0xCC00, 0xCC00, 0x7800, 0xCC00, 0xCC00, 0xCC00, 0xCC00, 0x7800, 0x0000, 0x0000, 0x0000}, // Znak 56
    {0x0000, 0x0000, 0x0000, 0x7800, 0xCC00, 0xCC00, 0xCC00, 0x7C00, 0x0C00, 0x0C00, 0x0C00, 0xCC00, 0x7800, 0x0000, 0x0000, 0x0000}, // Znak 57
    {0x0000, 0x0000, 0x0000, 0x0000, 0x0000, 0x0000, 0x0000, 0xC000, 0x0000, 0x0000, 0x0000, 0x0000, 0xC000, 0x0000, 0x0000, 0x0000}, // Znak 58
    {0x0000, 0x0000, 0x0000, 0x0000, 0x0000, 0x0000, 0x0000, 0x6000, 0x0000, 0x0000, 0x0000, 0x0000, 0x6000, 0xC000, 0x0000, 0x0000}, // Znak 59
    {0x0000, 0x0000, 0x0000, 0x0000, 0x0000, 0x1C00, 0x3800, 0x7000, 0xE000, 0x7000, 0x3800, 0x1C00, 0x0000, 0x0000, 0x0000, 0x0000}, // Znak 60
    {0x0000, 0x0000, 0x0000, 0x0000, 0x0000, 0x0000, 0x0000, 0xFC00, 0x0000, 0xFC00, 0x0000, 0x0000, 0x0000, 0x0000, 0x0000, 0x0000}, // Znak 61
    {0x0000, 0x0000, 0x0000, 0x0000, 0x0000, 0xE000, 0x7000, 0x3800, 0x1C00, 0x3800, 0x7000, 0xE000, 0x0000, 0x0000, 0x0000, 0x0000}, // Znak 62
    {0x0000, 0x0000, 0x0000, 0x7800, 0xCC00, 0x0C00, 0x0C00, 0x1800, 0x3000, 0x3000, 0x3000, 0x0000, 0x3000, 0x0000, 0x0000, 0x0000}, // Znak 63
    {0x0000, 0x0000, 0x3F80, 0x60C0, 0xC060, 0xCF60, 0xDB60, 0xDB60, 0xDB60, 0xDB60, 0xCFC0, 0xC000, 0x6060, 0x3FC0, 0x0000, 0x0000}, // Znak 64
    {0x0000, 0x0000, 0x0000, 0x1800, 0x1800, 0x3C00, 0x3C00, 0x6600, 0x6600, 0xFF00, 0xC300, 0xC300, 0xC300, 0x0000, 0x0000, 0x0000}, // Znak 65
    {0x0000, 0x0000, 0x0000, 0xFC00, 0xC600, 0xC600, 0xC600, 0xFC00, 0xC600, 0xC600, 0xC600, 0xC600, 0xFC00, 0x0000, 0x0000, 0x0000}, // Znak 66
    {0x0000, 0x0000, 0x0000, 0x7C00, 0xC600, 0xC000, 0xC000, 0xC000, 0xC000, 0xC000, 0xC000, 0xC600, 0x7C00, 0x0000, 0x0000, 0x0000}, // Znak 67
    {0x0000, 0x0000, 0x0000, 0xFC00, 0xC600, 0xC600, 0xC600, 0xC600, 0xC600, 0xC600, 0xC600, 0xC600, 0xFC00, 0x0000, 0x0000, 0x0000}, // Znak 68
    {0x0000, 0x0000, 0x0000, 0xFE00, 0xC000, 0xC000, 0xC000, 0xF800, 0xC000, 0xC000, 0xC000, 0xC000, 0xFE00, 0x0000, 0x0000, 0x0000}, // Znak 69
    {0x0000, 0x0000, 0x0000, 0xFE00, 0xC000, 0xC000, 0xC000, 0xF800, 0xC000, 0xC000, 0xC000, 0xC000, 0xC000, 0x0000, 0x0000, 0x0000}, // Znak 70
    {0x0000, 0x0000, 0x0000, 0x7C00, 0xC600, 0xC000, 0xC000, 0xCE00, 0xC600, 0xC600, 0xC600, 0xC600, 0x7C00, 0x0000, 0x0000, 0x0000}, // Znak 71
    {0x0000, 0x0000, 0x0000, 0xC600, 0xC600, 0xC600, 0xC600, 0xFE00, 0xC600, 0xC600, 0xC600, 0xC600, 0xC600, 0x0000, 0x0000, 0x0000}, // Znak 72
    {0x0000, 0x0000, 0x0000, 0xC000, 0xC000, 0xC000, 0xC000, 0xC000, 0xC000, 0xC000, 0xC000, 0xC000, 0xC000, 0x0000, 0x0000, 0x0000}, // Znak 73
    {0x0000, 0x0000, 0x0000, 0x0600, 0x0600, 0x0600, 0x0600, 0x0600, 0x0600, 0x0600, 0x0600, 0xC600, 0x7C00, 0x0000, 0x0000, 0x0000}, // Znak 74
    {0x0000, 0x0000, 0x0000, 0xC600, 0xCC00, 0xD800, 0xF000, 0xE000, 0xE000, 0xF000, 0xD800, 0xCC00, 0xC600, 0x0000, 0x0000, 0x0000}, // Znak 75
    {0x0000, 0x0000, 0x0000, 0xC000, 0xC000, 0xC000, 0xC000, 0xC000, 0xC000, 0xC000, 0xC000, 0xC000, 0xFE00, 0x0000, 0x0000, 0x0000}, // Znak 76
    {0x0000, 0x0000, 0x0000, 0xC180, 0xE380, 0xF780, 0xFF80, 0xDD80, 0xC980, 0xC180, 0xC180, 0xC180, 0xC180, 0x0000, 0x0000, 0x0000}, // Znak 77
    {0x0000, 0x0000, 0x0000, 0xC180, 0xE180, 0xF180, 0xF980, 0xDD80, 0xCF80, 0xC780, 0xC380, 0xC180, 0xC180, 0x0000, 0x0000, 0x0000}, // Znak 78
    {0x0000, 0x0000, 0x0000, 0x7C00, 0xC600, 0xC600, 0xC600, 0xC600, 0xC600, 0xC600, 0xC600, 0xC600, 0x7C00, 0x0000, 0x0000, 0x0000}, // Znak 79
    {0x0000, 0x0000, 0x0000, 0xFC00, 0xC600, 0xC600, 0xC600, 0xFC00, 0xC000, 0xC000, 0xC000, 0xC000, 0xC000, 0x0000, 0x0000, 0x0000}, // Znak 80
    {0x0000, 0x0000, 0x0000, 0x7C00, 0xC600, 0xC600, 0xC600, 0xC600, 0xC600, 0xC600, 0xD600, 0xCC00, 0x3A00, 0x0000, 0x0000, 0x0000}, // Znak 81
    {0x0000, 0x0000, 0x0000, 0xFC00, 0xC600, 0xC600, 0xC600, 0xFC00, 0xC600, 0xC600, 0xC600, 0xC600, 0xC600, 0x0000, 0x0000, 0x0000}, // Znak 82
    {0x0000, 0x0000, 0x0000, 0x7C00, 0xC600, 0xC000, 0xC000, 0x7C00, 0x0600, 0x0600, 0x0600, 0xC600, 0x7C00, 0x0000, 0x0000, 0x0000}, // Znak 83
    {0x0000, 0x0000, 0x0000, 0xFC00, 0x3000, 0x3000, 0x3000, 0x3000, 0x3000, 0x3000, 0x3000, 0x3000, 0x3000, 0x0000, 0x0000, 0x0000}, // Znak 84
    {0x0000, 0x0000, 0x0000, 0xC600, 0xC600, 0xC600, 0xC600, 0xC600, 0xC600, 0xC600, 0xC600, 0xC600, 0x7C00, 0x0000, 0x0000, 0x0000}, // Znak 85
    {0x0000, 0x0000, 0x0000, 0xC300, 0xC300, 0xC300, 0xC300, 0x6600, 0x6600, 0x3C00, 0x3C00, 0x1800, 0x1800, 0x0000, 0x0000, 0x0000}, // Znak 86
    {0x0000, 0x0000, 0x0000, 0xC180, 0xC180, 0xC180, 0xC180, 0xC980, 0xDD80, 0xFF80, 0xF780, 0xE380, 0xC180, 0x0000, 0x0000, 0x0000}, // Znak 87
    {0x0000, 0x0000, 0x0000, 0xC600, 0xC600, 0xC600, 0x6C00, 0x3800, 0x6C00, 0xC600, 0xC600, 0xC600, 0xC600, 0x0000, 0x0000, 0x0000}, // Znak 88
    {0x0000, 0x0000, 0x0000, 0xC300, 0xC300, 0xC300, 0x6600, 0x3C00, 0x1800, 0x1800, 0x1800, 0x1800, 0x1800, 0x0000, 0x0000, 0x0000}, // Znak 89
    {0x0000, 0x0000, 0x0000, 0xFE00, 0x0600, 0x0600, 0x0C00, 0x1800, 0x3000, 0x6000, 0xC000, 0xC000, 0xFE00, 0x0000, 0x0000, 0x0000}, // Znak 90
    {0x0000, 0x0000, 0x0000, 0xF000, 0xC000, 0xC000, 0xC000, 0xC000, 0xC000, 0xC000, 0xC000, 0xC000, 0xC000, 0xC000, 0xC000, 0xF000}, // Znak 91
    {0x0000, 0x0000, 0x0000, 0xC000, 0xC000, 0xC000, 0x6000, 0x6000, 0x6000, 0x3000, 0x3000, 0x3000, 0x1800, 0x1800, 0x1800, 0x0000}, // Znak 92
    {0x0000, 0x0000, 0x0000, 0xF000, 0x3000, 0x3000, 0x3000, 0x3000, 0x3000, 0x3000, 0x3000, 0x3000, 0x3000, 0x3000, 0x3000, 0xF000}, // Znak 93
    {0x0000, 0x0000, 0x3000, 0x7800, 0xCC00, 0x0000, 0x0000, 0x0000, 0x0000, 0x0000, 0x0000, 0x0000, 0x0000, 0x0000, 0x0000, 0x0000}, // Znak 94
    {0x0000, 0x0000, 0x0000, 0x0000, 0x0000, 0x0000, 0x0000, 0x0000, 0x0000, 0x0000, 0x0000, 0x0000, 0x0000, 0x0000, 0xFF00, 0x0000}, // Znak 95
    {0x0000, 0x0000, 0x0000, 0xC000, 0x6000, 0x0000, 0x0000, 0x0000, 0x0000, 0x0000, 0x0000, 0x0000, 0x0000, 0x0000, 0x0000, 0x0000}, // Znak 96
    {0x0000, 0x0000, 0x0000, 0x0000, 0x0000, 0x0000, 0x7800, 0xCC00, 0x0C00, 0x7C00, 0xCC00, 0xCC00, 0x7C00, 0x0000, 0x0000, 0x0000}, // Znak 97
    {0x0000, 0x0000, 0x0000, 0xC000, 0xC000, 0xC000, 0xF800, 0xCC00, 0xCC00, 0xCC00, 0xCC00, 0xCC00, 0xF800, 0x0000, 0x0000, 0x0000}, // Znak 98
    {0x0000, 0x0000, 0x0000, 0x0000, 0x0000, 0x0000, 0x7800, 0xCC00, 0xC000, 0xC000, 0xC000, 0xCC00, 0x7800, 0x0000, 0x0000, 0x0000}, // Znak 99
    {0x0000, 0x0000, 0x0000, 0x0C00, 0x0C00, 0x0C00, 0x7C00, 0xCC00, 0xCC00, 0xCC00, 0xCC00, 0xCC00, 0x7C00, 0x0000, 0x0000, 0x0000}, // Znak 100
    {0x0000, 0x0000, 0x0000, 0x0000, 0x0000, 0x0000, 0x7800, 0xCC00, 0xCC00, 0xFC00, 0xC000, 0xCC00, 0x7800, 0x0000, 0x0000, 0x0000}, // Znak 101
    {0x0000, 0x0000, 0x0000, 0x3000, 0x6000, 0x6000, 0xF000, 0x6000, 0x6000, 0x6000, 0x6000, 0x6000, 0x6000, 0x0000, 0x0000, 0x0000}, // Znak 102
    {0x0000, 0x0000, 0x0000, 0x0000, 0x0000, 0x0000, 0x7C00, 0xCC00, 0xCC00, 0xCC00, 0xCC00, 0xCC00, 0x7C00, 0x0C00, 0x0C00, 0x7800}, // Znak 103
    {0x0000, 0x0000, 0x0000, 0xC000, 0xC000, 0xC000, 0xF800, 0xCC00, 0xCC00, 0xCC00, 0xCC00, 0xCC00, 0xCC00, 0x0000, 0x0000, 0x0000}, // Znak 104
    {0x0000, 0x0000, 0x0000, 0xC000, 0x0000, 0x0000, 0xC000, 0xC000, 0xC000, 0xC000, 0xC000, 0xC000, 0xC000, 0x0000, 0x0000, 0x0000}, // Znak 105
    {0x0000, 0x0000, 0x0000, 0x6000, 0x0000, 0x0000, 0x6000, 0x6000, 0x6000, 0x6000, 0x6000, 0x6000, 0x6000, 0x6000, 0x6000, 0xC000}, // Znak 106
    {0x0000, 0x0000, 0x0000, 0xC000, 0xC000, 0xC000, 0xCC00, 0xD800, 0xF000, 0xE000, 0xF000, 0xD800, 0xCC00, 0x0000, 0x0000, 0x0000}, // Znak 107
    {0x0000, 0x0000, 0x0000, 0xC000, 0xC000, 0xC000, 0xC000, 0xC000, 0xC000, 0xC000, 0xC000, 0xC000, 0xC000, 0x0000, 0x0000, 0x0000}, // Znak 108
    {0x0000, 0x0000, 0x0000, 0x0000, 0x0000, 0x0000, 0xD980, 0xEEC0, 0xCCC0, 0xCCC0, 0xCCC0, 0xCCC0, 0xCCC0, 0x0000, 0x0000, 0x0000}, // Znak 109
    {0x0000, 0x0000, 0x0000, 0x0000, 0x0000, 0x0000, 0xD800, 0xEC00, 0xCC00, 0xCC00, 0xCC00, 0xCC00, 0xCC00, 0x0000, 0x0000, 0x0000}, // Znak 110
    {0x0000, 0x0000, 0x0000, 0x0000, 0x0000, 0x0000, 0x7800, 0xCC00, 0xCC00, 0xCC00, 0xCC00, 0xCC00, 0x7800, 0x0000, 0x0000, 0x0000}, // Znak 111
    {0x0000, 0x0000, 0x0000, 0x0000, 0x0000, 0x0000, 0xF800, 0xCC00, 0xCC00, 0xCC00, 0xCC00, 0xCC00, 0xF800, 0xC000, 0xC000, 0xC000}, // Znak 112
    {0x0000, 0x0000, 0x0000, 0x0000, 0x0000, 0x0000, 0x7C00, 0xCC00, 0xCC00, 0xCC00, 0xCC00, 0xCC00, 0x7C00, 0x0C00, 0x0C00, 0x0C00}, // Znak 113
    {0x0000, 0x0000, 0x0000, 0x0000, 0x0000, 0x0000, 0xB000, 0xE000, 0xC000, 0xC000, 0xC000, 0xC000, 0xC000, 0x0000, 0x0000, 0x0000}, // Znak 114
    {0x0000, 0x0000, 0x0000, 0x0000, 0x0000, 0x0000, 0x7800, 0xCC00, 0xC000, 0x7800, 0x0C00, 0xCC00, 0x7800, 0x0000, 0x0000, 0x0000}, // Znak 115
    {0x0000, 0x0000, 0x0000, 0x0000, 0x6000, 0x6000, 0xF000, 0x6000, 0x6000, 0x6000, 0x6000, 0x6000, 0x3000, 0x0000, 0x0000, 0x0000}, // Znak 116
    {0x0000, 0x0000, 0x0000, 0x0000, 0x0000, 0x0000, 0xCC00, 0xCC00, 0xCC00, 0xCC00, 0xCC00, 0xDC00, 0x6C00, 0x0000, 0x0000, 0x0000}, // Znak 117
    {0x0000, 0x0000, 0x0000, 0x0000, 0x0000, 0x0000, 0xCC00, 0xCC00, 0xCC00, 0xCC00, 0x7800, 0x7800, 0x3000, 0x0000, 0x0000, 0x0000}, // Znak 118
    {0x0000, 0x0000, 0x0000, 0x0000, 0x0000, 0x0000, 0xC600, 0xC600, 0xD600, 0xD600, 0xFE00, 0x6C00, 0x6C00, 0x0000, 0x0000, 0x0000}, // Znak 119
    {0x0000, 0x0000, 0x0000, 0x0000, 0x0000, 0x0000, 0xD800, 0xD800, 0x7000, 0x2000, 0x7000, 0xD800, 0xD800, 0x0000, 0x0000, 0x0000}, // Znak 120
    {0x0000, 0x0000, 0x0000, 0x0000, 0x0000, 0x0000, 0xCC00, 0xCC00, 0xCC00, 0xCC00, 0xCC00, 0xCC00, 0x7C00, 0x0C00, 0x0C00, 0x7800}, // Znak 121
    {0x0000, 0x0000, 0x0000, 0x0000, 0x0000, 0x0000, 0xFC00, 0x0C00, 0x1800, 0x3000, 0x6000, 0xC000, 0xFC00, 0x0000, 0x0000, 0x0000}, // Znak 122
    {0x0000, 0x0000, 0x0000, 0x1C00, 0x3000, 0x3000, 0x3000, 0x3000, 0x3000, 0xE000, 0x3000, 0x3000, 0x3000, 0x3000, 0x3000, 0x1C00}, // Znak 123
    {0x0000, 0x0000, 0x0000, 0xC000, 0xC000, 0xC000, 0xC000, 0xC000, 0xC000, 0xC000, 0xC000, 0xC000, 0xC000, 0xC000, 0xC000, 0xC000}, // Znak 124
    {0x0000, 0x0000, 0x0000, 0xE000, 0x3000, 0x3000, 0x3000, 0x3000, 0x3000, 0x1C00, 0x3000, 0x3000, 0x3000, 0x3000, 0x3000, 0xE000}, // Znak 125
    {0x0000, 0x0000, 0x0000, 0x7300, 0xDB00, 0xCE00, 0x0000, 0x0000, 0x0000, 0x0000, 0x0000, 0x0000, 0x0000, 0x0000, 0x0000, 0x0000}, // Znak 126
    {0x0000, 0x0000, 0x0000, 0x0000, 0x0000, 0x0000, 0x0000, 0x0000, 0x0000, 0x0000, 0x0000, 0x0000, 0x0000, 0x0000, 0x0000, 0x0000}, // Znak pusty
    {0x0000, 0x0000, 0x0000, 0x0000, 0x0000, 0x0000, 0x0000, 0x0000, 0x0000, 0x0000, 0x0000, 0x0000, 0x0000, 0x0000, 0x0000, 0x0000}, // Znak pusty
    {0x0000, 0x0000, 0x0000, 0x0000, 0x0000, 0x0000, 0x0000, 0x0000, 0x0000, 0x0000, 0x0000, 0x0000, 0x0000, 0x0000, 0x0000, 0x0000}, // Znak pusty
    {0x0000, 0x0000, 0x0000, 0x0000, 0x0000, 0x0000, 0x0000, 0x0000, 0x0000, 0x0000, 0x0000, 0x0000, 0x0000, 0x0000, 0x0000, 0x0000}, // Znak pusty
    {0x0000, 0x0000, 0x0000, 0x0000, 0x0000, 0x0000, 0x0000, 0x0000, 0x0000, 0x0000, 0x0000, 0x0000, 0x0000, 0x0000, 0x0000, 0x0000}, // Znak pusty
    {0x0000, 0x0000, 0x0000, 0x0000, 0x0000, 0x0000, 0x0000, 0x0000, 0x0000, 0x0000, 0x0000, 0x0000, 0x0000, 0x0000, 0x0000, 0x0000}, // Znak pusty
    {0x0000, 0x0000, 0x0000, 0x0000, 0x0000, 0x0000, 0x0000, 0x0000, 0x0000, 0x0000, 0x0000, 0x0000, 0x0000, 0x0000, 0x0000, 0x0000}, // Znak pusty
    {0x0000, 0x0000, 0x0000, 0x0000, 0x0000, 0x0000, 0x0000, 0x0000, 0x0000, 0x0000, 0x0000, 0x0000, 0x0000, 0x0000, 0x0000, 0x0000}, // Znak pusty
    {0x0000, 0x0000, 0x0000, 0x0000, 0x0000, 0x0000, 0x0000, 0x0000, 0x0000, 0x0000, 0x0000, 0x0000, 0x0000, 0x0000, 0x0000, 0x0000}, // Znak pusty
    {0x0000, 0x0000, 0x0000, 0x0000, 0x0000, 0x0000, 0x0000, 0x0000, 0x0000, 0x0000, 0x0000, 0x0000, 0x0000, 0x0000, 0x0000, 0x0000}, // Znak pusty
    {0x0000, 0x0000, 0x0000, 0x0000, 0x0000, 0x0000, 0x0000, 0x0000, 0x0000, 0x0000, 0x0000, 0x0000, 0x0000, 0x0000, 0x0000, 0x0000}, // Znak pusty
    {0x0000, 0x0000, 0x0000, 0x0000, 0x0000, 0x0000, 0x0000, 0x0000, 0x0000, 0x0000, 0x0000, 0x0000, 0x0000, 0x0000, 0x0000, 0x0000}, // Znak pusty
    {0x0000, 0x0000, 0x0000, 0x0000, 0x0000, 0x0000, 0x0000, 0x0000, 0x0000, 0x0000, 0x0000, 0x0000, 0x0000, 0x0000, 0x0000, 0x0000}, // Znak pusty
    {0x0000, 0x0000, 0x0000, 0x0000, 0x0000, 0x0000, 0x0000, 0x0000, 0x0000, 0x0000, 0x0000, 0x0000, 0x0000, 0x0000, 0x0000, 0x0000}, // Znak pusty
    {0x0000, 0x0000, 0x0000, 0x0000, 0x0000, 0x0000, 0x0000, 0x0000, 0x0000, 0x0000, 0x0000, 0x0000, 0x0000, 0x0000, 0x0000, 0x0000}, // Znak pusty
    {0x0000, 0x0000, 0x0000, 0x0000, 0x0000, 0x0000, 0x0000, 0x0000, 0x0000, 0x0000, 0x0000, 0x0000, 0x0000, 0x0000, 0x0000, 0x0000}, // Znak pusty
    {0x0000, 0x0000, 0x0000, 0x0000, 0x0000, 0x0000, 0x0000, 0x0000, 0x0000, 0x0000, 0x0000, 0x0000, 0x0000, 0x0000, 0x0000, 0x0000}, // Znak pusty
    {0x0000, 0x0000, 0x0000, 0x0000, 0x0000, 0x0000, 0x0000, 0x0000, 0x0000, 0x0000, 0x0000, 0x0000, 0x0000, 0x0000, 0x0000, 0x0000}, // Znak pusty
    {0x0000, 0x0000, 0x0000, 0x0000, 0x0000, 0x0000, 0x0000, 0x0000, 0x0000, 0x0000, 0x0000, 0x0000, 0x0000, 0x0000, 0x0000, 0x0000}, // Znak pusty
    {0x0000, 0x0000, 0x0000, 0x0000, 0x0000, 0x0000, 0x0000, 0x0000, 0x0000, 0x0000, 0x0000, 0x0000, 0x0000, 0x0000, 0x0000, 0x0000}, // Znak pusty
    {0x0000, 0x0000, 0x0000, 0x0000, 0x0000, 0x0000, 0x0000, 0x0000, 0x0000, 0x0000, 0x0000, 0x0000, 0x0000, 0x0000, 0x0000, 0x0000}, // Znak pusty
    {0x0000, 0x0000, 0x0000, 0x0000, 0x0000, 0x0000, 0x0000, 0x0000, 0x0000, 0x0000, 0x0000, 0x0000, 0x0000, 0x0000, 0x0000, 0x0000}, // Znak pusty
    {0x0000, 0x0000, 0x0000, 0x0000, 0x0000, 0x0000, 0x0000, 0x0000, 0x0000, 0x0000, 0x0000, 0x0000, 0x0000, 0x0000, 0x0000, 0x0000}, // Znak pusty
    {0x0000, 0x0000, 0x0000, 0x0000, 0x0000, 0x0000, 0x0000, 0x0000, 0x0000, 0x0000, 0x0000, 0x0000, 0x0000, 0x0000, 0x0000, 0x0000}, // Znak pusty
    {0x0000, 0x0000, 0x0000, 0x0000, 0x0000, 0x0000, 0x0000, 0x0000, 0x0000, 0x0000, 0x0000, 0x0000, 0x0000, 0x0000, 0x0000, 0x0000}, // Znak pusty
    {0x0000, 0x0000, 0x0000, 0x0000, 0x0000, 0x0000, 0x0000, 0x0000, 0x0000, 0x0000, 0x0000, 0x0000, 0x0000, 0x0000, 0x0000, 0x0000}, // Znak pusty
    {0x0000, 0x0000, 0x0000, 0x0000, 0x0000, 0x0000, 0x0000, 0x0000, 0x0000, 0x0000, 0x0000, 0x0000, 0x0000, 0x0000, 0x0000, 0x0000}, // Znak pusty
    {0x0000, 0x0000, 0x0000, 0x0000, 0x0000, 0x0000, 0x0000, 0x0000, 0x0000, 0x0000, 0x0000, 0x0000, 0x0000, 0x0000, 0x0000, 0x0000}, // Znak pusty
    {0x0000, 0x0000, 0x0000, 0x0000, 0x0000, 0x0000, 0x0000, 0x0000, 0x0000, 0x0000, 0x0000, 0x0000, 0x0000, 0x0000, 0x0000, 0x0000}, // Znak pusty
    {0x0000, 0x0000, 0x0000, 0x0000, 0x0000, 0x0000, 0x0000, 0x0000, 0x0000, 0x0000, 0x0000, 0x0000, 0x0000, 0x0000, 0x0000, 0x0000}, // Znak pusty
    {0x0000, 0x0000, 0x0000, 0x0000, 0x0000, 0x0000, 0x0000, 0x0000, 0x0000, 0x0000, 0x0000, 0x0000, 0x0000, 0x0000, 0x0000, 0x0000}, // Znak pusty
    {0x0000, 0x0000, 0x0000, 0x0000, 0x0000, 0x0000, 0x0000, 0x0000, 0x0000, 0x0000, 0x0000, 0x0000, 0x0000, 0x0000, 0x0000, 0x0000}, // Znak pusty
    {0x0000, 0x0000, 0x0000, 0x0000, 0x0000, 0x0000, 0x0000, 0x0000, 0x0000, 0x0000, 0x0000, 0x0000, 0x0000, 0x0000, 0x0000, 0x0000}, // Znak pusty
    {0x0000, 0x0000, 0x0000, 0x0000, 0x0000, 0x0000, 0x0000, 0x0000, 0x0000, 0x0000, 0x0000, 0x0000, 0x0000, 0x0000, 0x0000, 0x0000}, // Znak pusty
    {0x0000, 0x0000, 0x0000, 0xC000, 0x0000, 0xC000, 0xC000, 0xC000, 0xC000, 0xC000, 0xC000, 0xC000, 0xC000, 0x0000, 0x0000, 0x0000}, // Znak 161
    {0x0000, 0x0000, 0x0000, 0x0000, 0x0000, 0x0000, 0x0000, 0x0000, 0x0000, 0x0000, 0x0000, 0x0000, 0x0000, 0x0000, 0x0000, 0x0000}, // Znak pusty
    {0x0000, 0x0000, 0x0000, 0x0000, 0x0000, 0x0000, 0x0000, 0x0000, 0x0000, 0x0000, 0x0000, 0x0000, 0x0000, 0x0000, 0x0000, 0x0000}, // Znak pusty
    {0x0000, 0x0000, 0x0000, 0x0000, 0x0000, 0x0000, 0x0000, 0x0000, 0x0000, 0x0000, 0x0000, 0x0000, 0x0000, 0x0000, 0x0000, 0x0000}, // Znak pusty
    {0x0000, 0x0000, 0x0000, 0x0000, 0x0000, 0x0000, 0x0000, 0x0000, 0x0000, 0x0000, 0x0000, 0x0000, 0x0000, 0x0000, 0x0000, 0x0000}, // Znak pusty
    {0x0000, 0x0000, 0x0000, 0x0000, 0x0000, 0x0000, 0x0000, 0x0000, 0x0000, 0x0000, 0x0000, 0x0000, 0x0000, 0x0000, 0x0000, 0x0000}, // Znak pusty
    {0x0000, 0x0000, 0x0000, 0x0000, 0x0000, 0x0000, 0x0000, 0x0000, 0x0000, 0x0000, 0x0000, 0x0000, 0x0000, 0x0000, 0x0000, 0x0000}, // Znak pusty
    {0x0000, 0x0000, 0x0000, 0x0000, 0x0000, 0x0000, 0x0000, 0x0000, 0x0000, 0x0000, 0x0000, 0x0000, 0x0000, 0x0000, 0x0000, 0x0000}, // Znak pusty
    {0x0000, 0x0000, 0x0000, 0x0000, 0x0000, 0x0000, 0x0000, 0x0000, 0x0000, 0x0000, 0x0000, 0x0000, 0x0000, 0x0000, 0x0000, 0x0000}, // Znak pusty
    {0x0000, 0x0000, 0x0000, 0x0000, 0x0000, 0x0000, 0x0000, 0x0000, 0x0000, 0x0000, 0x0000, 0x0000, 0x0000, 0x0000, 0x0000, 0x0000}, // Znak pusty
    {0x0000, 0x0000, 0x0000, 0x0000, 0x0000, 0x0000, 0x0000, 0x0000, 0x0000, 0x0000, 0x0000, 0x0000, 0x0000, 0x0000, 0x0000, 0x0000}, // Znak pusty
    {0x0000, 0x0000, 0x0000, 0x0000, 0x0000, 0x0000, 0x0000, 0x0000, 0x0000, 0x0000, 0x0000, 0x0000, 0x0000, 0x0000, 0x0000, 0x0000}, // Znak pusty
    {0x0000, 0x0000, 0x0000, 0x0000, 0x0000, 0x0000, 0x0000, 0x0000, 0x0000, 0x0000, 0x0000, 0x0000, 0x0000, 0x0000, 0x0000, 0x0000}, // Znak pusty
    {0x0000, 0x0000, 0x0000, 0x0000, 0x0000, 0x0000, 0x0000, 0x0000, 0x0000, 0x0000, 0x0000, 0x0000, 0x0000, 0x0000, 0x0000, 0x0000}, // Znak pusty
    {0x0000, 0x0000, 0x0000, 0x0000, 0x0000, 0x0000, 0x0000, 0x0000, 0x0000, 0x0000, 0x0000, 0x0000, 0x0000, 0x0000, 0x0000, 0x0000}, // Znak pusty
    {0x0000, 0x0000, 0x0000, 0x0000, 0x0000, 0x0000, 0x0000, 0x0000, 0x0000, 0x0000, 0x0000, 0x0000, 0x0000, 0x0000, 0x0000, 0x0000}, // Znak pusty
    {0x0000, 0x0000, 0x0000, 0x0000, 0x0000, 0x0000, 0x0000, 0x0000, 0x0000, 0x0000, 0x0000, 0x0000, 0x0000, 0x0000, 0x0000, 0x0000}, // Znak pusty
    {0x0000, 0x0000, 0x0000, 0x0000, 0x0000, 0x0000, 0x0000, 0x0000, 0x0000, 0x0000, 0x0000, 0x0000, 0x0000, 0x0000, 0x0000, 0x0000}, // Znak pusty
    {0x0000, 0x0000, 0x0000, 0x0000, 0x0000, 0x0000, 0x0000, 0x0000, 0x0000, 0x0000, 0x0000, 0x0000, 0x0000, 0x0000, 0x0000, 0x0000}, // Znak pusty
    {0x0000, 0x0000, 0x0000, 0x0000, 0x0000, 0x0000, 0x0000, 0x0000, 0x0000, 0x0000, 0x0000, 0x0000, 0x0000, 0x0000, 0x0000, 0x0000}, // Znak pusty
    {0x0000, 0x0000, 0x0000, 0x0000, 0x0000, 0x0000, 0x0000, 0x0000, 0x0000, 0x0000, 0x0000, 0x0000, 0x0000, 0x0000, 0x0000, 0x0000}, // Znak pusty
    {0x0000, 0x0000, 0x0000, 0x0000, 0x0000, 0x0000, 0x0000, 0x0000, 0x0000, 0x0000, 0x0000, 0x0000, 0x0000, 0x0000, 0x0000, 0x0000}, // Znak pusty
    {0x0000, 0x0000, 0x0000, 0x0000, 0x0000, 0x0000, 0x0000, 0x0000, 0x0000, 0x0000, 0x0000, 0x0000, 0x0000, 0x0000, 0x0000, 0x0000}, // Znak pusty
    {0x0000, 0x0000, 0x0000, 0x0000, 0x0000, 0x0000, 0x0000, 0x0000, 0x0000, 0x0000, 0x0000, 0x0000, 0x0000, 0x0000, 0x0000, 0x0000}, // Znak pusty
    {0x0000, 0x0000, 0x0000, 0x0000, 0x0000, 0x0000, 0x0000, 0x0000, 0x0000, 0x0000, 0x0000, 0x0000, 0x0000, 0x0000, 0x0000, 0x0000}, // Znak pusty
    {0x0000, 0x0000, 0x0000, 0x0000, 0x0000, 0x0000, 0x0000, 0x0000, 0x0000, 0x0000, 0x0000, 0x0000, 0x0000, 0x0000, 0x0000, 0x0000}, // Znak pusty
    {0x0000, 0x0000, 0x0000, 0x0000, 0x0000, 0x0000, 0x0000, 0x0000, 0x0000, 0x0000, 0x0000, 0x0000, 0x0000, 0x0000, 0x0000, 0x0000}, // Znak pusty
    {0x0000, 0x0000, 0x0000, 0x0000, 0x0000, 0x0000, 0x0000, 0x0000, 0x0000, 0x0000, 0x0000, 0x0000, 0x0000, 0x0000, 0x0000, 0x0000}, // Znak pusty
    {0x0000, 0x0000, 0x0000, 0x0000, 0x0000, 0x0000, 0x0000, 0x0000, 0x0000, 0x0000, 0x0000, 0x0000, 0x0000, 0x0000, 0x0000, 0x0000}, // Znak pusty
    {0x0000, 0x0000, 0x0000, 0x0000, 0x0000, 0x0000, 0x0000, 0x0000, 0x0000, 0x0000, 0x0000, 0x0000, 0x0000, 0x0000, 0x0000, 0x0000}, // Znak pusty
    {0x0000, 0x0000, 0x0000, 0x3000, 0x0000, 0x3000, 0x3000, 0x3000, 0x6000, 0xC000, 0xC000, 0xCC00, 0x7800, 0x0000, 0x0000, 0x0000}, // Znak 191
    {0x3000, 0x1800, 0x0000, 0x1800, 0x1800, 0x3C00, 0x3C00, 0x6600, 0x6600, 0xFF00, 0xC300, 0xC300, 0xC300, 0x0000, 0x0000, 0x0000}, // Znak 192
    {0x0C00, 0x1800, 0x0000, 0x1800, 0x1800, 0x3C00, 0x3C00, 0x6600, 0x6600, 0xFF00, 0xC300, 0xC300, 0xC300, 0x0000, 0x0000, 0x0000}, // Znak 193
    {0x1800, 0x2400, 0x0000, 0x1800, 0x1800, 0x3C00, 0x3C00, 0x6600, 0x6600, 0xFF00, 0xC300, 0xC300, 0xC300, 0x0000, 0x0000, 0x0000}, // Znak 194
    {0x0000, 0x0000, 0x0000, 0x0000, 0x0000, 0x0000, 0x0000, 0x0000, 0x0000, 0x0000, 0x0000, 0x0000, 0x0000, 0x0000, 0x0000, 0x0000}, // Znak pusty
    {0x0000, 0x6600, 0x0000, 0x1800, 0x1800, 0x3C00, 0x3C00, 0x6600, 0x6600, 0xFF00, 0xC300, 0xC300, 0xC300, 0x0000, 0x0000, 0x0000}, // Znak 196
    {0x1800, 0x2400, 0x1800, 0x0000, 0x1800, 0x3C00, 0x3C00, 0x6600, 0x6600, 0xFF00, 0xC300, 0xC300, 0xC300, 0x0000, 0x0000, 0x0000}, // Znak 197
    {0x0000, 0x0000, 0x0000, 0x1FE0, 0x1C00, 0x3C00, 0x3C00, 0x6F80, 0x6C00, 0xFC00, 0xCC00, 0xCC00, 0xCFE0, 0x0000, 0x0000, 0x0000}, // Znak 198
    {0x0000, 0x0000, 0x0000, 0x7C00, 0xC600, 0xC000, 0xC000, 0xC000, 0xC000, 0xC000, 0xC000, 0xC600, 0x7C00, 0x3000, 0x1800, 0x3000}, // Znak 199
    {0x3000, 0x1800, 0x0000, 0xFE00, 0xC000, 0xC000, 0xC000, 0xF800, 0xC000, 0xC000, 0xC000, 0xC000, 0xFE00, 0x0000, 0x0000, 0x0000}, // Znak 200
    {0x1800, 0x3000, 0x0000, 0xFE00, 0xC000, 0xC000, 0xC000, 0xF800, 0xC000, 0xC000, 0xC000, 0xC000, 0xFE00, 0x0000, 0x0000, 0x0000}, // Znak 201
    {0x1800, 0x2400, 0x0000, 0xFE00, 0xC000, 0xC000, 0xC000, 0xF800, 0xC000, 0xC000, 0xC000, 0xC000, 0xFE00, 0x0000, 0x0000, 0x0000}, // Znak 202
    {0x0000, 0x6C00, 0x0000, 0xFE00, 0xC000, 0xC000, 0xC000, 0xF800, 0xC000, 0xC000, 0xC000, 0xC000, 0xFE00, 0x0000, 0x0000, 0x0000}, // Znak 203
    {0x0000, 0x0000, 0x0000, 0x0000, 0x0000, 0x0000, 0x0000, 0x0000, 0x0000, 0x0000, 0x0000, 0x0000, 0x0000, 0x0000, 0x0000, 0x0000}, // Znak pusty
    {0x6000, 0xC000, 0x0000, 0xC000, 0xC000, 0xC000, 0xC000, 0xC000, 0xC000, 0xC000, 0xC000, 0xC000, 0xC000, 0x0000, 0x0000, 0x0000}, // Znak 205
    {0x6000, 0x9000, 0x0000, 0x6000, 0x6000, 0x6000, 0x6000, 0x6000, 0x6000, 0x6000, 0x6000, 0x6000, 0x6000, 0x0000, 0x0000, 0x0000}, // Znak 206
    {0x0000, 0x9000, 0x0000, 0x6000, 0x6000, 0x6000, 0x6000, 0x6000, 0x6000, 0x6000, 0x6000, 0x6000, 0x6000, 0x0000, 0x0000, 0x0000}, // Znak 207
    {0x0000, 0x0000, 0x0000, 0x0000, 0x0000, 0x0000, 0x0000, 0x0000, 0x0000, 0x0000, 0x0000, 0x0000, 0x0000, 0x0000, 0x0000, 0x0000}, // Znak pusty
    {0x0A00, 0x1400, 0x0000, 0xC180, 0xE180, 0xF180, 0xF980, 0xDD80, 0xCF80, 0xC780, 0xC380, 0xC180, 0xC180, 0x0000, 0x0000, 0x0000}, // Znak 209
    {0x0000, 0x0000, 0x0000, 0x0000, 0x0000, 0x0000, 0x0000, 0x0000, 0x0000, 0x0000, 0x0000, 0x0000, 0x0000, 0x0000, 0x0000, 0x0000}, // Znak pusty
    {0x1800, 0x3000, 0x0000, 0x7C00, 0xC600, 0xC600, 0xC600, 0xC600, 0xC600, 0xC600, 0xC600, 0xC600, 0x7C00, 0x0000, 0x0000, 0x0000}, // Znak 211
    {0x1000, 0x2800, 0x0000, 0x7C00, 0xC600, 0xC600, 0xC600, 0xC600, 0xC600, 0xC600, 0xC600, 0xC600, 0x7C00, 0x0000, 0x0000, 0x0000}, // Znak 212
    {0x1400, 0x2800, 0x0000, 0x7C00, 0xC600, 0xC600, 0xC600, 0xC600, 0xC600, 0xC600, 0xC600, 0xC600, 0x7C00, 0x0000, 0x0000, 0x0000}, // Znak 213
    {0x0000, 0x6C00, 0x0000, 0x7C00, 0xC600, 0xC600, 0xC600, 0xC600, 0xC600, 0xC600, 0xC600, 0xC600, 0x7C00, 0x0000, 0x0000, 0x0000}, // Znak 214
    {0x0000, 0x0000, 0x0000, 0x0000, 0x0000, 0x0000, 0x0000, 0x0000, 0x0000, 0x0000, 0x0000, 0x0000, 0x0000, 0x0000, 0x0000, 0x0000}, // Znak pusty
    {0x0000, 0x0000, 0x0000, 0x7C00, 0xCE00, 0xCE00, 0xD600, 0xD600, 0xD600, 0xD600, 0xE600, 0xE600, 0x7C00, 0x0000, 0x0000, 0x0000}, // Znak 216
    {0x3000, 0x1800, 0x0000, 0xC600, 0xC600, 0xC600, 0xC600, 0xC600, 0xC600, 0xC600, 0xC600, 0xC600, 0x7C00, 0x0000, 0x0000, 0x0000}, // Znak 217
    {0x1800, 0x3000, 0x0000, 0xC600, 0xC600, 0xC600, 0xC600, 0xC600, 0xC600, 0xC600, 0xC600, 0xC600, 0x7C00, 0x0000, 0x0000, 0x0000}, // Znak 218
    {0x1000, 0x2800, 0x0000, 0xC600, 0xC600, 0xC600, 0xC600, 0xC600, 0xC600, 0xC600, 0xC600, 0xC600, 0x7C00, 0x0000, 0x0000, 0x0000}, // Znak 219
    {0x0000, 0x6C00, 0x0000, 0xC600, 0xC600, 0xC600, 0xC600, 0xC600, 0xC600, 0xC600, 0xC600, 0xC600, 0x7C00, 0x0000, 0x0000, 0x0000}, // Znak 220
    {0x0C00, 0x1800, 0x0000, 0xC300, 0xC300, 0xC300, 0x6600, 0x3C00, 0x1800, 0x1800, 0x1800, 0x1800, 0x1800, 0x0000, 0x0000, 0x0000}, // Znak 221
    {0x0000, 0x0000, 0x0000, 0x0000, 0x0000, 0x0000, 0x0000, 0x0000, 0x0000, 0x0000, 0x0000, 0x0000, 0x0000, 0x0000, 0x0000, 0x0000}, // Znak pusty
    {0x0000, 0x0000, 0x0000, 0x7C00, 0xC600, 0xC600, 0xC600, 0xDC00, 0xC600, 0xC600, 0xC600, 0xC600, 0xDC00, 0x0000, 0x0000, 0x0000}, // Znak 223
    {0x0000, 0x0000, 0x0000, 0x6000, 0x3000, 0x0000, 0x7800, 0xCC00, 0x0C00, 0x7C00, 0xCC00, 0xCC00, 0x7C00, 0x0000, 0x0000, 0x0000}, // Znak 224
    {0x0000, 0x0000, 0x0000, 0x1800, 0x3000, 0x0000, 0x7800, 0xCC00, 0x0C00, 0x7C00, 0xCC00, 0xCC00, 0x7C00, 0x0000, 0x0000, 0x0000}, // Znak 225
    {0x0000, 0x0000, 0x0000, 0x3000, 0x4800, 0x0000, 0x7800, 0xCC00, 0x0C00, 0x7C00, 0xCC00, 0xCC00, 0x7C00, 0x0000, 0x0000, 0x0000}, // Znak 226
    {0x0000, 0x0000, 0x0000, 0x0000, 0x0000, 0x0000, 0x0000, 0x0000, 0x0000, 0x0000, 0x0000, 0x0000, 0x0000, 0x0000, 0x0000, 0x0000}, // Znak pusty
    {0x0000, 0x0000, 0x0000, 0xCC00, 0x0000, 0x0000, 0x7800, 0xCC00, 0x0C00, 0x7C00, 0xCC00, 0xCC00, 0x7C00, 0x0000, 0x0000, 0x0000}, // Znak 228
    {0x0000, 0x0000, 0x3000, 0x4800, 0x3000, 0x0000, 0x7800, 0xCC00, 0x0C00, 0x7C00, 0xCC00, 0xCC00, 0x7C00, 0x0000, 0x0000, 0x0000}, // Znak 229
    {0x0000, 0x0000, 0x0000, 0x0000, 0x0000, 0x0000, 0x7F80, 0xCCC0, 0x0CC0, 0x7FC0, 0xCC00, 0xCCC0, 0x7F80, 0x0000, 0x0000, 0x0000}, // Znak 230
    {0x0000, 0x0000, 0x0000, 0x0000, 0x0000, 0x0000, 0x7800, 0xCC00, 0xC000, 0xC000, 0xC000, 0xCC00, 0x7800, 0x3000, 0x1800, 0x3000}, // Znak 231
    {0x0000, 0x0000, 0x0000, 0x6000, 0x3000, 0x0000, 0x7800, 0xCC00, 0xCC00, 0xFC00, 0xC000, 0xCC00, 0x7800, 0x0000, 0x0000, 0x0000}, // Znak 232
    {0x0000, 0x0000, 0x0000, 0x1800, 0x3000, 0x0000, 0x7800, 0xCC00, 0xCC00, 0xFC00, 0xC000, 0xCC00, 0x7800, 0x0000, 0x0000, 0x0000}, // Znak 233
    {0x0000, 0x0000, 0x0000, 0x3000, 0x4800, 0x0000, 0x7800, 0xCC00, 0xCC00, 0xFC00, 0xC000, 0xCC00, 0x7800, 0x0000, 0x0000, 0x0000}, // Znak 234
    {0x0000, 0x0000, 0x0000, 0xCC00, 0x0000, 0x0000, 0x7800, 0xCC00, 0xCC00, 0xFC00, 0xC000, 0xCC00, 0x7800, 0x0000, 0x0000, 0x0000}, // Znak 235
    {0x0000, 0x0000, 0x0000, 0x0000, 0x0000, 0x0000, 0x0000, 0x0000, 0x0000, 0x0000, 0x0000, 0x0000, 0x0000, 0x0000, 0x0000, 0x0000}, // Znak pusty
    {0x0000, 0x0000, 0x0000, 0x6000, 0xC000, 0x0000, 0xC000, 0xC000, 0xC000, 0xC000, 0xC000, 0xC000, 0xC000, 0x0000, 0x0000, 0x0000}, // Znak 237
    {0x0000, 0x0000, 0x0000, 0x6000, 0x9000, 0x0000, 0x6000, 0x6000, 0x6000, 0x6000, 0x6000, 0x6000, 0x6000, 0x0000, 0x0000, 0x0000}, // Znak 238
    {0x0000, 0x0000, 0x0000, 0x9000, 0x0000, 0x0000, 0x6000, 0x6000, 0x6000, 0x6000, 0x6000, 0x6000, 0x6000, 0x0000, 0x0000, 0x0000}, // Znak 239
    {0x0000, 0x0000, 0x0000, 0x0000, 0x0000, 0x0000, 0x0000, 0x0000, 0x0000, 0x0000, 0x0000, 0x0000, 0x0000, 0x0000, 0x0000, 0x0000}, // Znak pusty
    {0x0000, 0x0000, 0x0000, 0x2800, 0x5000, 0x0000, 0xD800, 0xEC00, 0xCC00, 0xCC00, 0xCC00, 0xCC00, 0xCC00, 0x0000, 0x0000, 0x0000}, // Znak 241
    {0x0000, 0x0000, 0x0000, 0x0000, 0x0000, 0x0000, 0x0000, 0x0000, 0x0000, 0x0000, 0x0000, 0x0000, 0x0000, 0x0000, 0x0000, 0x0000}, // Znak pusty
    {0x0000, 0x0000, 0x0000, 0x1800, 0x3000, 0x0000, 0x7800, 0xCC00, 0xCC00, 0xCC00, 0xCC00, 0xCC00, 0x7800, 0x0000, 0x0000, 0x0000}, // Znak 243
    {0x0000, 0x0000, 0x0000, 0x3000, 0x4800, 0x0000, 0x7800, 0xCC00, 0xCC00, 0xCC00, 0xCC00, 0xCC00, 0x7800, 0x0000, 0x0000, 0x0000}, // Znak 244
    {0x0000, 0x0000, 0x0000, 0x2800, 0x5000, 0x0000, 0x7800, 0xCC00, 0xCC00, 0xCC00, 0xCC00, 0xCC00, 0x7800, 0x0000, 0x0000, 0x0000}, // Znak 245
    {0x0000, 0x0000, 0x0000, 0xCC00, 0x0000, 0x0000, 0x7800, 0xCC00, 0xCC00, 0xCC00, 0xCC00, 0xCC00, 0x7800, 0x0000, 0x0000, 0x0000}, // Znak 246
    {0x0000, 0x0000, 0x0000, 0x0000, 0x0000, 0x0000, 0x0000, 0x0000, 0x0000, 0x0000, 0x0000, 0x0000, 0x0000, 0x0000, 0x0000, 0x0000}, // Znak pusty
    {0x0000, 0x0000, 0x0000, 0x0000, 0x0000, 0x0600, 0x7C00, 0xCE00, 0xDE00, 0xD600, 0xF600, 0xE600, 0x7C00, 0xC000, 0x0000, 0x0000}, // Znak 248
    {0x0000, 0x0000, 0x0000, 0x6000, 0x3000, 0x0000, 0xCC00, 0xCC00, 0xCC00, 0xCC00, 0xCC00, 0xDC00, 0x6C00, 0x0000, 0x0000, 0x0000}, // Znak 249
    {0x0000, 0x0000, 0x0000, 0x1800, 0x3000, 0x0000, 0xCC00, 0xCC00, 0xCC00, 0xCC00, 0xCC00, 0xDC00, 0x6C00, 0x0000, 0x0000, 0x0000}, // Znak 250
    {0x0000, 0x0000, 0x0000, 0x3000, 0x4800, 0x0000, 0xCC00, 0xCC00, 0xCC00, 0xCC00, 0xCC00, 0xDC00, 0x6C00, 0x0000, 0x0000, 0x0000}, // Znak 251
    {0x0000, 0x0000, 0x0000, 0xCC00, 0x0000, 0x0000, 0xCC00, 0xCC00, 0xCC00, 0xCC00, 0xCC00, 0xDC00, 0x6C00, 0x0000, 0x0000, 0x0000}, // Znak 252
    {0x0000, 0x0000, 0x0000, 0x1800, 0x3000, 0x0000, 0xCC00, 0xCC00, 0xCC00, 0xCC00, 0xCC00, 0xCC00, 0x7C00, 0x0C00, 0x0C00, 0x7800}, // Znak 253
    {0x0000, 0x0000, 0x0000, 0x0000, 0x0000, 0x0000, 0x0000, 0x0000, 0x0000, 0x0000, 0x0000, 0x0000, 0x0000, 0x0000, 0x0000, 0x0000}, // Znak pusty
    {0x0000, 0x0000, 0x0000, 0xCC00, 0x0000, 0x0000, 0xCC00, 0xCC00, 0xCC00, 0xCC00, 0xCC00, 0xCC00, 0x7C00, 0x0C00, 0x0C00, 0x7800}, // Znak 255
    {0x0000, 0xFF00, 0x0000, 0x1800, 0x1800, 0x3C00, 0x3C00, 0x6600, 0x6600, 0xFF00, 0xC300, 0xC300, 0xC300, 0x0000, 0x0000, 0x0000}, // Znak 256
    {0x0000, 0x0000, 0x0000, 0xFC00, 0x0000, 0x0000, 0x7800, 0xCC00, 0x0C00, 0x7C00, 0xCC00, 0xCC00, 0x7C00, 0x0000, 0x0000, 0x0000}, // Znak 257
    {0x0000, 0x0000, 0x0000, 0x0000, 0x0000, 0x0000, 0x0000, 0x0000, 0x0000, 0x0000, 0x0000, 0x0000, 0x0000, 0x0000, 0x0000, 0x0000}, // Znak pusty
    {0x0000, 0x0000, 0x0000, 0x0000, 0x0000, 0x0000, 0x0000, 0x0000, 0x0000, 0x0000, 0x0000, 0x0000, 0x0000, 0x0000, 0x0000, 0x0000}, // Znak pusty
    {0x0000, 0x0000, 0x0000, 0x1800, 0x1800, 0x3C00, 0x3C00, 0x6600, 0x6600, 0xFF00, 0xC300, 0xC300, 0xC300, 0x0600, 0x0C00, 0x0600}, // Znak 260
    {0x0000, 0x0000, 0x0000, 0x0000, 0x0000, 0x0000, 0x7800, 0xCC00, 0x0C00, 0x7C00, 0xCC00, 0xCC00, 0x7C00, 0x0C00, 0x1800, 0x0C00}, // Znak 261
    {0x0C00, 0x1800, 0x0000, 0x7C00, 0xC600, 0xC000, 0xC000, 0xC000, 0xC000, 0xC000, 0xC000, 0xC600, 0x7C00, 0x0000, 0x0000, 0x0000}, // Znak 262
    {0x0000, 0x0000, 0x0000, 0x1800, 0x3000, 0x0000, 0x7800, 0xCC00, 0xC000, 0xC000, 0xC000, 0xCC00, 0x7800, 0x0000, 0x0000, 0x0000}, // Znak 263
    {0x0000, 0x0000, 0x0000, 0x0000, 0x0000, 0x0000, 0x0000, 0x0000, 0x0000, 0x0000, 0x0000, 0x0000, 0x0000, 0x0000, 0x0000, 0x0000}, // Znak pusty
    {0x0000, 0x0000, 0x0000, 0x0000, 0x0000, 0x0000, 0x0000, 0x0000, 0x0000, 0x0000, 0x0000, 0x0000, 0x0000, 0x0000, 0x0000, 0x0000}, // Znak pusty
    {0x0000, 0x0000, 0x0000, 0x0000, 0x0000, 0x0000, 0x0000, 0x0000, 0x0000, 0x0000, 0x0000, 0x0000, 0x0000, 0x0000, 0x0000, 0x0000}, // Znak pusty
    {0x0000, 0x0000, 0x0000, 0x0000, 0x0000, 0x0000, 0x0000, 0x0000, 0x0000, 0x0000, 0x0000, 0x0000, 0x0000, 0x0000, 0x0000, 0x0000}, // Znak pusty
    {0x2400, 0x1800, 0x0000, 0x7C00, 0xC600, 0xC000, 0xC000, 0xC000, 0xC000, 0xC000, 0xC000, 0xC600, 0x7C00, 0x0000, 0x0000, 0x0000}, // Znak 268
    {0x0000, 0x0000, 0x0000, 0x4800, 0x3000, 0x0000, 0x7800, 0xCC00, 0xC000, 0xC000, 0xC000, 0xCC00, 0x7800, 0x0000, 0x0000, 0x0000}, // Znak 269
    {0x4800, 0x3000, 0x0000, 0xFC00, 0xC600, 0xC600, 0xC600, 0xC600, 0xC600, 0xC600, 0xC600, 0xC600, 0xFC00, 0x0000, 0x0000, 0x0000}, // Znak 270
    {0x0000, 0x0000, 0x0000, 0x0D00, 0x0E00, 0x0C00, 0x7C00, 0xCC00, 0xCC00, 0xCC00, 0xCC00, 0xCC00, 0x7C00, 0x0000, 0x0000, 0x0000}, // Znak 271
    {0x0000, 0x0000, 0x0000, 0x7E00, 0x6300, 0x6300, 0x6300, 0xFB00, 0x6300, 0x6300, 0x6300, 0x6300, 0x7E00, 0x0000, 0x0000, 0x0000}, // Znak 272
    {0x0000, 0x0000, 0x0000, 0x0C00, 0x3E00, 0x0C00, 0x7C00, 0xCC00, 0xCC00, 0xCC00, 0xCC00, 0xCC00, 0x7C00, 0x0000, 0x0000, 0x0000}, // Znak 273
    {0x0000, 0xFE00, 0x0000, 0xFE00, 0xC000, 0xC000, 0xC000, 0xF800, 0xC000, 0xC000, 0xC000, 0xC000, 0xFE00, 0x0000, 0x0000, 0x0000}, // Znak 274
    {0x0000, 0x0000, 0x0000, 0xFC00, 0x0000, 0x0000, 0x7800, 0xCC00, 0xCC00, 0xFC00, 0xC000, 0xCC00, 0x7800, 0x0000, 0x0000, 0x0000}, // Znak 275
    {0x0000, 0x0000, 0x0000, 0x0000, 0x0000, 0x0000, 0x0000, 0x0000, 0x0000, 0x0000, 0x0000, 0x0000, 0x0000, 0x0000, 0x0000, 0x0000}, // Znak pusty
    {0x0000, 0x0000, 0x0000, 0x0000, 0x0000, 0x0000, 0x0000, 0x0000, 0x0000, 0x0000, 0x0000, 0x0000, 0x0000, 0x0000, 0x0000, 0x0000}, // Znak pusty
    {0x3800, 0x3800, 0x0000, 0xFE00, 0xC000, 0xC000, 0xC000, 0xF800, 0xC000, 0xC000, 0xC000, 0xC000, 0xFE00, 0x0000, 0x0000, 0x0000}, // Znak 278
    {0x0000, 0x0000, 0x0000, 0x3000, 0x3000, 0x0000, 0x7800, 0xCC00, 0xCC00, 0xFC00, 0xC000, 0xCC00, 0x7800, 0x0000, 0x0000, 0x0000}, // Znak 279
    {0x0000, 0x0000, 0x0000, 0xFE00, 0xC000, 0xC000, 0xC000, 0xF800, 0xC000, 0xC000, 0xC000, 0xC000, 0xFE00, 0x1800, 0x3000, 0x1C00}, // Znak 280
    {0x0000, 0x0000, 0x0000, 0x0000, 0x0000, 0x0000, 0x7800, 0xCC00, 0xCC00, 0xFC00, 0xC000, 0xCC00, 0x7800, 0x1800, 0x3000, 0x1800}, // Znak 281
    {0x2400, 0x1800, 0x0000, 0xFE00, 0xC000, 0xC000, 0xC000, 0xF800, 0xC000, 0xC000, 0xC000, 0xC000, 0xFE00, 0x0000, 0x0000, 0x0000}, // Znak 282
    {0x0000, 0x0000, 0x0000, 0x4800, 0x3000, 0x0000, 0x7800, 0xCC00, 0xCC00, 0xFC00, 0xC000, 0xCC00, 0x7800, 0x0000, 0x0000, 0x0000}, // Znak 283
    {0x0000, 0x0000, 0x0000, 0x0000, 0x0000, 0x0000, 0x0000, 0x0000, 0x0000, 0x0000, 0x0000, 0x0000, 0x0000, 0x0000, 0x0000, 0x0000}, // Znak pusty
    {0x0000, 0x0000, 0x0000, 0x0000, 0x0000, 0x0000, 0x0000, 0x0000, 0x0000, 0x0000, 0x0000, 0x0000, 0x0000, 0x0000, 0x0000, 0x0000}, // Znak pusty
    {0x2400, 0x1800, 0x0000, 0x7C00, 0xC600, 0xC000, 0xC000, 0xCE00, 0xC600, 0xC600, 0xC600, 0xC600, 0x7C00, 0x0000, 0x0000, 0x0000}, // Znak 286
    {0x0000, 0x0000, 0x0000, 0x4800, 0x3000, 0x0000, 0x7C00, 0xCC00, 0xCC00, 0xCC00, 0xCC00, 0xCC00, 0x7C00, 0x0C00, 0x0C00, 0x7800}, // Znak 287
    {0x0000, 0x0000, 0x0000, 0x0000, 0x0000, 0x0000, 0x0000, 0x0000, 0x0000, 0x0000, 0x0000, 0x0000, 0x0000, 0x0000, 0x0000, 0x0000}, // Znak pusty
    {0x0000, 0x0000, 0x0000, 0x0000, 0x0000, 0x0000, 0x0000, 0x0000, 0x0000, 0x0000, 0x0000, 0x0000, 0x0000, 0x0000, 0x0000, 0x0000}, // Znak pusty
    {0x0000, 0x0000, 0x0000, 0x7C00, 0xC600, 0xC000, 0xC000, 0xCE00, 0xC600, 0xC600, 0xC600, 0xC600, 0x7C00, 0x0000, 0x1800, 0x3800}, // Znak 290
    {0x0000, 0x0000, 0x0000, 0x3000, 0x3000, 0x0000, 0x7C00, 0xCC00, 0xCC00, 0xCC00, 0xCC00, 0xCC00, 0x7C00, 0x0C00, 0x0C00, 0x7800}, // Znak 291
    {0x0000, 0x0000, 0x0000, 0x0000, 0x0000, 0x0000, 0x0000, 0x0000, 0x0000, 0x0000, 0x0000, 0x0000, 0x0000, 0x0000, 0x0000, 0x0000}, // Znak pusty
    {0x0000, 0x0000, 0x0000, 0x0000, 0x0000, 0x0000, 0x0000, 0x0000, 0x0000, 0x0000, 0x0000, 0x0000, 0x0000, 0x0000, 0x0000, 0x0000}, // Znak pusty
    {0x0000, 0x0000, 0x0000, 0x0000, 0x0000, 0x0000, 0x0000, 0x0000, 0x0000, 0x0000, 0x0000, 0x0000, 0x0000, 0x0000, 0x0000, 0x0000}, // Znak pusty
    {0x0000, 0x0000, 0x0000, 0x0000, 0x0000, 0x0000, 0x0000, 0x0000, 0x0000, 0x0000, 0x0000, 0x0000, 0x0000, 0x0000, 0x0000, 0x0000}, // Znak pusty
    {0x0000, 0x0000, 0x0000, 0x0000, 0x0000, 0x0000, 0x0000, 0x0000, 0x0000, 0x0000, 0x0000, 0x0000, 0x0000, 0x0000, 0x0000, 0x0000}, // Znak pusty
    {0x0000, 0x0000, 0x0000, 0x0000, 0x0000, 0x0000, 0x0000, 0x0000, 0x0000, 0x0000, 0x0000, 0x0000, 0x0000, 0x0000, 0x0000, 0x0000}, // Znak pusty
    {0x0000, 0xF000, 0x0000, 0x6000, 0x6000, 0x6000, 0x6000, 0x6000, 0x6000, 0x6000, 0x6000, 0x6000, 0x6000, 0x0000, 0x0000, 0x0000}, // Znak 298
    {0x0000, 0x0000, 0x0000, 0xF000, 0x0000, 0x0000, 0x6000, 0x6000, 0x6000, 0x6000, 0x6000, 0x6000, 0x6000, 0x0000, 0x0000, 0x0000}, // Znak 299
    {0x0000, 0x0000, 0x0000, 0x0000, 0x0000, 0x0000, 0x0000, 0x0000, 0x0000, 0x0000, 0x0000, 0x0000, 0x0000, 0x0000, 0x0000, 0x0000}, // Znak pusty
    {0x0000, 0x0000, 0x0000, 0x0000, 0x0000, 0x0000, 0x0000, 0x0000, 0x0000, 0x0000, 0x0000, 0x0000, 0x0000, 0x0000, 0x0000, 0x0000}, // Znak pusty
    {0x0000, 0x0000, 0x0000, 0xC000, 0xC000, 0xC000, 0xC000, 0xC000, 0xC000, 0xC000, 0xC000, 0xC000, 0xC000, 0x4000, 0x8000, 0x4000}, // Znak 302
    {0x0000, 0x0000, 0x0000, 0xC000, 0x0000, 0x0000, 0xC000, 0xC000, 0xC000, 0xC000, 0xC000, 0xC000, 0xC000, 0x4000, 0x8000, 0x4000}, // Znak 303
    {0x0000, 0xC000, 0x0000, 0xC000, 0xC000, 0xC000, 0xC000, 0xC000, 0xC000, 0xC000, 0xC000, 0xC000, 0xC000, 0x0000, 0x0000, 0x0000}, // Znak 304
    {0x0000, 0x0000, 0x0000, 0x0000, 0x0000, 0x0000, 0xC000, 0xC000, 0xC000, 0xC000, 0xC000, 0xC000, 0xC000, 0x0000, 0x0000, 0x0000}, // Znak 305
    {0x0000, 0x0000, 0x0000, 0x0000, 0x0000, 0x0000, 0x0000, 0x0000, 0x0000, 0x0000, 0x0000, 0x0000, 0x0000, 0x0000, 0x0000, 0x0000}, // Znak pusty
    {0x0000, 0x0000, 0x0000, 0x0000, 0x0000, 0x0000, 0x0000, 0x0000, 0x0000, 0x0000, 0x0000, 0x0000, 0x0000, 0x0000, 0x0000, 0x0000}, // Znak pusty
    {0x0000, 0x0000, 0x0000, 0x0000, 0x0000, 0x0000, 0x0000, 0x0000, 0x0000, 0x0000, 0x0000, 0x0000, 0x0000, 0x0000, 0x0000, 0x0000}, // Znak pusty
    {0x0000, 0x0000, 0x0000, 0x0000, 0x0000, 0x0000, 0x0000, 0x0000, 0x0000, 0x0000, 0x0000, 0x0000, 0x0000, 0x0000, 0x0000, 0x0000}, // Znak pusty
    {0x0000, 0x0000, 0x0000, 0xC600, 0xCC00, 0xD800, 0xF000, 0xE000, 0xE000, 0xF000, 0xD800, 0xCC00, 0xC600, 0x0000, 0x1800, 0x3800}, // Znak 310
    {0x0000, 0x0000, 0x0000, 0xC000, 0xC000, 0xC000, 0xCC00, 0xD800, 0xF000, 0xE000, 0xF000, 0xD800, 0xCC00, 0x0000, 0x1800, 0x3800}, // Znak 311
    {0x0000, 0x0000, 0x0000, 0x0000, 0x0000, 0x0000, 0x0000, 0x0000, 0x0000, 0x0000, 0x0000, 0x0000, 0x0000, 0x0000, 0x0000, 0x0000}, // Znak pusty
    {0x0000, 0x0000, 0x0000, 0x0000, 0x0000, 0x0000, 0x0000, 0x0000, 0x0000, 0x0000, 0x0000, 0x0000, 0x0000, 0x0000, 0x0000, 0x0000}, // Znak pusty
    {0x0000, 0x0000, 0x0000, 0x0000, 0x0000, 0x0000, 0x0000, 0x0000, 0x0000, 0x0000, 0x0000, 0x0000, 0x0000, 0x0000, 0x0000, 0x0000}, // Znak pusty
    {0x0000, 0x0000, 0x0000, 0xC000, 0xC000, 0xC000, 0xC000, 0xC000, 0xC000, 0xC000, 0xC000, 0xC000, 0xFE00, 0x0000, 0x1800, 0x3800}, // Znak 315
    {0x0000, 0x0000, 0x0000, 0x6000, 0x6000, 0x6000, 0x6000, 0x6000, 0x6000, 0x6000, 0x6000, 0x6000, 0x6000, 0x0000, 0x6000, 0xE000}, // Znak 316
    {0x0000, 0x0000, 0x0000, 0x0000, 0x0000, 0x0000, 0x0000, 0x0000, 0x0000, 0x0000, 0x0000, 0x0000, 0x0000, 0x0000, 0x0000, 0x0000}, // Znak pusty
    {0x0000, 0x0000, 0x0000, 0x0000, 0x0000, 0x0000, 0x0000, 0x0000, 0x0000, 0x0000, 0x0000, 0x0000, 0x0000, 0x0000, 0x0000, 0x0000}, // Znak pusty
    {0x0000, 0x0000, 0x0000, 0x0000, 0x0000, 0x0000, 0x0000, 0x0000, 0x0000, 0x0000, 0x0000, 0x0000, 0x0000, 0x0000, 0x0000, 0x0000}, // Znak pusty
    {0x0000, 0x0000, 0x0000, 0x0000, 0x0000, 0x0000, 0x0000, 0x0000, 0x0000, 0x0000, 0x0000, 0x0000, 0x0000, 0x0000, 0x0000, 0x0000}, // Znak pusty
    {0x0000, 0x0000, 0x0000, 0x6000, 0x6000, 0x6000, 0x7800, 0x7000, 0x6000, 0xE000, 0x6000, 0x6000, 0x7E00, 0x0000, 0x0000, 0x0000}, // Znak 321
    {0x0000, 0x0000, 0x0000, 0x6000, 0x6000, 0x6000, 0x7000, 0x7000, 0xE000, 0xE000, 0x6000, 0x6000, 0x6000, 0x0000, 0x0000, 0x0000}, // Znak 322
    {0x0C00, 0x1800, 0x0000, 0xC180, 0xE180, 0xF180, 0xF980, 0xDD80, 0xCF80, 0xC780, 0xC380, 0xC180, 0xC180, 0x0000, 0x0000, 0x0000}, // Znak 323
    {0x0000, 0x0000, 0x0000, 0x1800, 0x3000, 0x0000, 0xD800, 0xEC00, 0xCC00, 0xCC00, 0xCC00, 0xCC00, 0xCC00, 0x0000, 0x0000, 0x0000}, // Znak 324
    {0x0000, 0x0000, 0x0000, 0xC180, 0xE180, 0xF180, 0xF980, 0xDD80, 0xCF80, 0xC780, 0xC380, 0xC180, 0xC180, 0x0000, 0x0C00, 0x1C00}, // Znak 325
    {0x0000, 0x0000, 0x0000, 0x0000, 0x0000, 0x0000, 0xD800, 0xEC00, 0xCC00, 0xCC00, 0xCC00, 0xCC00, 0xCC00, 0x0000, 0x3000, 0x7000}, // Znak 326
    {0x2200, 0x1C00, 0x0000, 0xC180, 0xE180, 0xF180, 0xF980, 0xDD80, 0xCF80, 0xC780, 0xC380, 0xC180, 0xC180, 0x0000, 0x0000, 0x0000}, // Znak 327
    {0x0000, 0x0000, 0x0000, 0x4800, 0x3000, 0x0000, 0xD800, 0xEC00, 0xCC00, 0xCC00, 0xCC00, 0xCC00, 0xCC00, 0x0000, 0x0000, 0x0000}, // Znak 328
    {0x0000, 0x0000, 0x0000, 0x0000, 0x0000, 0x0000, 0x0000, 0x0000, 0x0000, 0x0000, 0x0000, 0x0000, 0x0000, 0x0000, 0x0000, 0x0000}, // Znak pusty
    {0x0000, 0x0000, 0x0000, 0x0000, 0x0000, 0x0000, 0x0000, 0x0000, 0x0000, 0x0000, 0x0000, 0x0000, 0x0000, 0x0000, 0x0000, 0x0000}, // Znak pusty
    {0x0000, 0x0000, 0x0000, 0x0000, 0x0000, 0x0000, 0x0000, 0x0000, 0x0000, 0x0000, 0x0000, 0x0000, 0x0000, 0x0000, 0x0000, 0x0000}, // Znak pusty
    {0x0000, 0x0000, 0x0000, 0x0000, 0x0000, 0x0000, 0x0000, 0x0000, 0x0000, 0x0000, 0x0000, 0x0000, 0x0000, 0x0000, 0x0000, 0x0000}, // Znak pusty
    {0x0000, 0x0000, 0x0000, 0x0000, 0x0000, 0x0000, 0x0000, 0x0000, 0x0000, 0x0000, 0x0000, 0x0000, 0x0000, 0x0000, 0x0000, 0x0000}, // Znak pusty
    {0x0000, 0x0000, 0x0000, 0x0000, 0x0000, 0x0000, 0x0000, 0x0000, 0x0000, 0x0000, 0x0000, 0x0000, 0x0000, 0x0000, 0x0000, 0x0000}, // Znak pusty
    {0x0000, 0x0000, 0x0000, 0x0000, 0x0000, 0x0000, 0x0000, 0x0000, 0x0000, 0x0000, 0x0000, 0x0000, 0x0000, 0x0000, 0x0000, 0x0000}, // Znak pusty
    {0x0000, 0x0000, 0x0000, 0x0000, 0x0000, 0x0000, 0x0000, 0x0000, 0x0000, 0x0000, 0x0000, 0x0000, 0x0000, 0x0000, 0x0000, 0x0000}, // Znak pusty
    {0x0000, 0x0000, 0x0000, 0x0000, 0x0000, 0x0000, 0x0000, 0x0000, 0x0000, 0x0000, 0x0000, 0x0000, 0x0000, 0x0000, 0x0000, 0x0000}, // Znak pusty
    {0x0000, 0x0000, 0x0000, 0x0000, 0x0000, 0x0000, 0x0000, 0x0000, 0x0000, 0x0000, 0x0000, 0x0000, 0x0000, 0x0000, 0x0000, 0x0000}, // Znak pusty
    {0x0000, 0x0000, 0x0000, 0x0000, 0x0000, 0x0000, 0x0000, 0x0000, 0x0000, 0x0000, 0x0000, 0x0000, 0x0000, 0x0000, 0x0000, 0x0000}, // Znak pusty
    {0x0000, 0x0000, 0x0000, 0x0000, 0x0000, 0x0000, 0x0000, 0x0000, 0x0000, 0x0000, 0x0000, 0x0000, 0x0000, 0x0000, 0x0000, 0x0000}, // Znak pusty
    {0x0000, 0x0000, 0x0000, 0x0000, 0x0000, 0x0000, 0x0000, 0x0000, 0x0000, 0x0000, 0x0000, 0x0000, 0x0000, 0x0000, 0x0000, 0x0000}, // Znak pusty
    {0x0000, 0x0000, 0x0000, 0x0000, 0x0000, 0x0000, 0x0000, 0x0000, 0x0000, 0x0000, 0x0000, 0x0000, 0x0000, 0x0000, 0x0000, 0x0000}, // Znak pusty
    {0x0000, 0x0000, 0x0000, 0x0000, 0x0000, 0x0000, 0x0000, 0x0000, 0x0000, 0x0000, 0x0000, 0x0000, 0x0000, 0x0000, 0x0000, 0x0000}, // Znak pusty
    {0x4800, 0x3000, 0x0000, 0xFC00, 0xC600, 0xC600, 0xC600, 0xFC00, 0xC600, 0xC600, 0xC600, 0xC600, 0xC600, 0x0000, 0x0000, 0x0000}, // Znak 344
    {0x0000, 0x0000, 0x0000, 0x9000, 0x6000, 0x0000, 0xB000, 0xE000, 0xC000, 0xC000, 0xC000, 0xC000, 0xC000, 0x0000, 0x0000, 0x0000}, // Znak 345
    {0x1800, 0x3000, 0x0000, 0x7C00, 0xC600, 0xC000, 0xC000, 0x7C00, 0x0600, 0x0600, 0x0600, 0xC600, 0x7C00, 0x0000, 0x0000, 0x0000}, // Znak 346
    {0x0000, 0x0000, 0x0000, 0x1800, 0x3000, 0x0000, 0x7800, 0xCC00, 0xC000, 0x7800, 0x0C00, 0xCC00, 0x7800, 0x0000, 0x0000, 0x0000}, // Znak 347
    {0x0000, 0x0000, 0x0000, 0x0000, 0x0000, 0x0000, 0x0000, 0x0000, 0x0000, 0x0000, 0x0000, 0x0000, 0x0000, 0x0000, 0x0000, 0x0000}, // Znak pusty
    {0x0000, 0x0000, 0x0000, 0x0000, 0x0000, 0x0000, 0x0000, 0x0000, 0x0000, 0x0000, 0x0000, 0x0000, 0x0000, 0x0000, 0x0000, 0x0000}, // Znak pusty
    {0x0000, 0x0000, 0x0000, 0x7C00, 0xC600, 0xC000, 0xC000, 0x7C00, 0x0600, 0x0600, 0x0600, 0xC600, 0x7C00, 0x3000, 0x1800, 0x3000}, // Znak 350
    {0x0000, 0x0000, 0x0000, 0x0000, 0x0000, 0x0000, 0x7800, 0xCC00, 0xC000, 0x7800, 0x0C00, 0xCC00, 0x7800, 0x3000, 0x1800, 0x7000}, // Znak 351
    {0x4400, 0x3800, 0x0000, 0x7C00, 0xC600, 0xC000, 0xC000, 0x7C00, 0x0600, 0x0600, 0x0600, 0xC600, 0x7C00, 0x0000, 0x0000, 0x0000}, // Znak 352
    {0x0000, 0x0000, 0x0000, 0x4800, 0x3000, 0x0000, 0x7800, 0xCC00, 0xC000, 0x7800, 0x0C00, 0xCC00, 0x7800, 0x0000, 0x0000, 0x0000}, // Znak 353
    {0x0000, 0x0000, 0x0000, 0x0000, 0x0000, 0x0000, 0x0000, 0x0000, 0x0000, 0x0000, 0x0000, 0x0000, 0x0000, 0x0000, 0x0000, 0x0000}, // Znak pusty
    {0x0000, 0x0000, 0x0000, 0x0000, 0x0000, 0x0000, 0x0000, 0x0000, 0x0000, 0x0000, 0x0000, 0x0000, 0x0000, 0x0000, 0x0000, 0x0000}, // Znak pusty
    {0x4800, 0x3000, 0x0000, 0xFC00, 0x3000, 0x3000, 0x3000, 0x3000, 0x3000, 0x3000, 0x3000, 0x3000, 0x3000, 0x0000, 0x0000, 0x0000}, // Znak 356
    {0x0000, 0x0000, 0x0000, 0x0000, 0x6800, 0x7800, 0xE000, 0x6000, 0x6000, 0x6000, 0x6000, 0x6000, 0x3000, 0x0000, 0x0000, 0x0000}, // Znak 357
    {0x0000, 0x0000, 0x0000, 0x0000, 0x0000, 0x0000, 0x0000, 0x0000, 0x0000, 0x0000, 0x0000, 0x0000, 0x0000, 0x0000, 0x0000, 0x0000}, // Znak pusty
    {0x0000, 0x0000, 0x0000, 0x0000, 0x0000, 0x0000, 0x0000, 0x0000, 0x0000, 0x0000, 0x0000, 0x0000, 0x0000, 0x0000, 0x0000, 0x0000}, // Znak pusty
    {0x0000, 0x0000, 0x0000, 0x0000, 0x0000, 0x0000, 0x0000, 0x0000, 0x0000, 0x0000, 0x0000, 0x0000, 0x0000, 0x0000, 0x0000, 0x0000}, // Znak pusty
    {0x0000, 0x0000, 0x0000, 0x0000, 0x0000, 0x0000, 0x0000, 0x0000, 0x0000, 0x0000, 0x0000, 0x0000, 0x0000, 0x0000, 0x0000, 0x0000}, // Znak pusty
    {0x0000, 0xFE00, 0x0000, 0xC600, 0xC600, 0xC600, 0xC600, 0xC600, 0xC600, 0xC600, 0xC600, 0xC600, 0x7C00, 0x0000, 0x0000, 0x0000}, // Znak 362
    {0x0000, 0x0000, 0x0000, 0xFC00, 0x0000, 0x0000, 0xCC00, 0xCC00, 0xCC00, 0xCC00, 0xCC00, 0xDC00, 0x6C00, 0x0000, 0x0000, 0x0000}, // Znak 363
    {0x0000, 0x0000, 0x0000, 0x0000, 0x0000, 0x0000, 0x0000, 0x0000, 0x0000, 0x0000, 0x0000, 0x0000, 0x0000, 0x0000, 0x0000, 0x0000}, // Znak pusty
    {0x0000, 0x0000, 0x0000, 0x0000, 0x0000, 0x0000, 0x0000, 0x0000, 0x0000, 0x0000, 0x0000, 0x0000, 0x0000, 0x0000, 0x0000, 0x0000}, // Znak pusty
    {0x1000, 0x2800, 0x1000, 0xC600, 0xC600, 0xC600, 0xC600, 0xC600, 0xC600, 0xC600, 0xC600, 0xC600, 0x7C00, 0x0000, 0x0000, 0x0000}, // Znak 366
    {0x0000, 0x0000, 0x3000, 0x4800, 0x3000, 0x0000, 0xCC00, 0xCC00, 0xCC00, 0xCC00, 0xCC00, 0xDC00, 0x6C00, 0x0000, 0x0000, 0x0000}, // Znak 367
    {0x0000, 0x0000, 0x0000, 0x0000, 0x0000, 0x0000, 0x0000, 0x0000, 0x0000, 0x0000, 0x0000, 0x0000, 0x0000, 0x0000, 0x0000, 0x0000}, // Znak pusty
    {0x0000, 0x0000, 0x0000, 0x0000, 0x0000, 0x0000, 0x0000, 0x0000, 0x0000, 0x0000, 0x0000, 0x0000, 0x0000, 0x0000, 0x0000, 0x0000}, // Znak pusty
    {0x0000, 0x0000, 0x0000, 0xC600, 0xC600, 0xC600, 0xC600, 0xC600, 0xC600, 0xC600, 0xC600, 0xC600, 0x7C00, 0x1800, 0x3000, 0x1800}, // Znak 370
    {0x0000, 0x0000, 0x0000, 0x0000, 0x0000, 0x0000, 0xCC00, 0xCC00, 0xCC00, 0xCC00, 0xCC00, 0xDC00, 0x6C00, 0x0800, 0x1800, 0x0C00}, // Znak 371
    {0x0000, 0x0000, 0x0000, 0x0000, 0x0000, 0x0000, 0x0000, 0x0000, 0x0000, 0x0000, 0x0000, 0x0000, 0x0000, 0x0000, 0x0000, 0x0000}, // Znak pusty
    {0x0000, 0x0000, 0x0000, 0x0000, 0x0000, 0x0000, 0x0000, 0x0000, 0x0000, 0x0000, 0x0000, 0x0000, 0x0000, 0x0000, 0x0000, 0x0000}, // Znak pusty
    {0x0000, 0x0000, 0x0000, 0x0000, 0x0000, 0x0000, 0x0000, 0x0000, 0x0000, 0x0000, 0x0000, 0x0000, 0x0000, 0x0000, 0x0000, 0x0000}, // Znak pusty
    {0x0000, 0x0000, 0x0000, 0x0000, 0x0000, 0x0000, 0x0000, 0x0000, 0x0000, 0x0000, 0x0000, 0x0000, 0x0000, 0x0000, 0x0000, 0x0000}, // Znak pusty
    {0x0000, 0x6600, 0x0000, 0xC300, 0xC300, 0xC300, 0x6600, 0x3C00, 0x1800, 0x1800, 0x1800, 0x1800, 0x1800, 0x0000, 0x0000, 0x0000}, // Znak 376
    {0x1800, 0x3000, 0x0000, 0xFE00, 0x0600, 0x0600, 0x0C00, 0x1800, 0x3000, 0x6000, 0xC000, 0xC000, 0xFE00, 0x0000, 0x0000, 0x0000}, // Znak 377
    {0x0000, 0x0000, 0x0000, 0x1800, 0x3000, 0x0000, 0xFC00, 0x0C00, 0x1800, 0x3000, 0x6000, 0xC000, 0xFC00, 0x0000, 0x0000, 0x0000}, // Znak 378
    {0x3000, 0x3000, 0x0000, 0xFE00, 0x0600, 0x0600, 0x0C00, 0x1800, 0x3000, 0x6000, 0xC000, 0xC000, 0xFE00, 0x0000, 0x0000, 0x0000}, // Znak 379
    {0x0000, 0x0000, 0x0000, 0x3000, 0x3000, 0x0000, 0xFC00, 0x0C00, 0x1800, 0x3000, 0x6000, 0xC000, 0xFC00, 0x0000, 0x0000, 0x0000}, // Znak 380
    {0x4400, 0x3800, 0x0000, 0xFE00, 0x0600, 0x0600, 0x0C00, 0x1800, 0x3000, 0x6000, 0xC000, 0xC000, 0xFE00, 0x0000, 0x0000, 0x0000}, // Znak 381
    {0x0000, 0x0000, 0x0000, 0x4800, 0x3000, 0x0000, 0xFC00, 0x0C00, 0x1800, 0x3000, 0x6000, 0xC000, 0xFC00, 0x0000, 0x0000, 0x0000}, // Znak 382
    {0x0000, 0x0000, 0x0000, 0x0000, 0x0000, 0x0000, 0x0000, 0x0000, 0x0000, 0x0000, 0x0000, 0x0000, 0x0000, 0x0000, 0x0000, 0x0000}, // Znak pusty
    {0x0000, 0x0000, 0x0000, 0x0000, 0x0000, 0x0000, 0x0000, 0x0000, 0x0000, 0x0000, 0x0000, 0x0000, 0x0000, 0x0000, 0x0000, 0x0000}, // Znak pusty
    {0x0000, 0x0000, 0x0000, 0x0000, 0x0000, 0x0000, 0x0000, 0x0000, 0x0000, 0x0000, 0x0000, 0x0000, 0x0000, 0x0000, 0x0000, 0x0000}, // Znak pusty
    {0x0000, 0x0000, 0x0000, 0x0000, 0x0000, 0x0000, 0x0000, 0x0000, 0x0000, 0x0000, 0x0000, 0x0000, 0x0000, 0x0000, 0x0000, 0x0000}, // Znak pusty
    {0x0000, 0x0000, 0x0000, 0x0000, 0x0000, 0x0000, 0x0000, 0x0000, 0x0000, 0x0000, 0x0000, 0x0000, 0x0000, 0x0000, 0x0000, 0x0000}, // Znak pusty
    {0x0000, 0x0000, 0x0000, 0x0000, 0x0000, 0x0000, 0x0000, 0x0000, 0x0000, 0x0000, 0x0000, 0x0000, 0x0000, 0x0000, 0x0000, 0x0000}, // Znak pusty
    {0x0000, 0x0000, 0x0000, 0x0000, 0x0000, 0x0000, 0x0000, 0x0000, 0x0000, 0x0000, 0x0000, 0x0000, 0x0000, 0x0000, 0x0000, 0x0000}, // Znak pusty
    {0x0000, 0x0000, 0x0000, 0x0000, 0x0000, 0x0000, 0x0000, 0x0000, 0x0000, 0x0000, 0x0000, 0x0000, 0x0000, 0x0000, 0x0000, 0x0000}, // Znak pusty
    {0x0000, 0x0000, 0x0000, 0x0000, 0x0000, 0x0000, 0x0000, 0x0000, 0x0000, 0x0000, 0x0000, 0x0000, 0x0000, 0x0000, 0x0000, 0x0000}, // Znak pusty
    {0x0000, 0x0000, 0x0000, 0x0000, 0x0000, 0x0000, 0x0000, 0x0000, 0x0000, 0x0000, 0x0000, 0x0000, 0x0000, 0x0000, 0x0000, 0x0000}, // Znak pusty
    {0x0000, 0x0000, 0x0000, 0x0000, 0x0000, 0x0000, 0x0000, 0x0000, 0x0000, 0x0000, 0x0000, 0x0000, 0x0000, 0x0000, 0x0000, 0x0000}, // Znak pusty
    {0x0000, 0x0000, 0x0000, 0x0000, 0x0000, 0x0000, 0x0000, 0x0000, 0x0000, 0x0000, 0x0000, 0x0000, 0x0000, 0x0000, 0x0000, 0x0000}, // Znak pusty
    {0x0000, 0x0000, 0x0000, 0x0000, 0x0000, 0x0000, 0x0000, 0x0000, 0x0000, 0x0000, 0x0000, 0x0000, 0x0000, 0x0000, 0x0000, 0x0000}, // Znak pusty
    {0x0000, 0x0000, 0x0000, 0x0000, 0x0000, 0x0000, 0x0000, 0x0000, 0x0000, 0x0000, 0x0000, 0x0000, 0x0000, 0x0000, 0x0000, 0x0000}, // Znak pusty
    {0x0000, 0x0000, 0x0000, 0x0000, 0x0000, 0x0000, 0x0000, 0x0000, 0x0000, 0x0000, 0x0000, 0x0000, 0x0000, 0x0000, 0x0000, 0x0000}, // Znak pusty
    {0x0000, 0x0000, 0x0000, 0x0000, 0x0000, 0x0000, 0x0000, 0x0000, 0x0000, 0x0000, 0x0000, 0x0000, 0x0000, 0x0000, 0x0000, 0x0000}, // Znak pusty
    {0x0000, 0x0000, 0x0000, 0x0000, 0x0000, 0x0000, 0x0000, 0x0000, 0x0000, 0x0000, 0x0000, 0x0000, 0x0000, 0x0000, 0x0000, 0x0000}, // Znak pusty
    {0x0000, 0x0000, 0x0000, 0x0000, 0x0000, 0x0000, 0x0000, 0x0000, 0x0000, 0x0000, 0x0000, 0x0000, 0x0000, 0x0000, 0x0000, 0x0000}, // Znak pusty
    {0x0000, 0x0000, 0x0000, 0x0000, 0x0000, 0x0000, 0x0000, 0x0000, 0x0000, 0x0000, 0x0000, 0x0000, 0x0000, 0x0000, 0x0000, 0x0000}, // Znak pusty
    {0x0000, 0x0000, 0x0000, 0x0000, 0x0000, 0x0000, 0x0000, 0x0000, 0x0000, 0x0000, 0x0000, 0x0000, 0x0000, 0x0000, 0x0000, 0x0000}, // Znak pusty
    {0x0000, 0x0000, 0x0000, 0x0000, 0x0000, 0x0000, 0x0000, 0x0000, 0x0000, 0x0000, 0x0000, 0x0000, 0x0000, 0x0000, 0x0000, 0x0000}, // Znak pusty
    {0x0000, 0x0000, 0x0000, 0x0000, 0x0000, 0x0000, 0x0000, 0x0000, 0x0000, 0x0000, 0x0000, 0x0000, 0x0000, 0x0000, 0x0000, 0x0000}, // Znak pusty
    {0x0000, 0x0000, 0x0000, 0x0000, 0x0000, 0x0000, 0x0000, 0x0000, 0x0000, 0x0000, 0x0000, 0x0000, 0x0000, 0x0000, 0x0000, 0x0000}, // Znak pusty
    {0x0000, 0x0000, 0x0000, 0x0000, 0x0000, 0x0000, 0x0000, 0x0000, 0x0000, 0x0000, 0x0000, 0x0000, 0x0000, 0x0000, 0x0000, 0x0000}, // Znak pusty
    {0x0000, 0x0000, 0x0000, 0x0000, 0x0000, 0x0000, 0x0000, 0x0000, 0x0000, 0x0000, 0x0000, 0x0000, 0x0000, 0x0000, 0x0000, 0x0000}, // Znak pusty
    {0x0000, 0x0000, 0x0000, 0x0000, 0x0000, 0x0000, 0x0000, 0x0000, 0x0000, 0x0000, 0x0000, 0x0000, 0x0000, 0x0000, 0x0000, 0x0000}, // Znak pusty
    {0x0000, 0x0000, 0x0000, 0x0000, 0x0000, 0x0000, 0x0000, 0x0000, 0x0000, 0x0000, 0x0000, 0x0000, 0x0000, 0x0000, 0x0000, 0x0000}, // Znak pusty
    {0x0000, 0x0000, 0x0000, 0x0000, 0x0000, 0x0000, 0x0000, 0x0000, 0x0000, 0x0000, 0x0000, 0x0000, 0x0000, 0x0000, 0x0000, 0x0000}, // Znak pusty
    {0x0000, 0x0000, 0x0000, 0x0000, 0x0000, 0x0000, 0x0000, 0x0000, 0x0000, 0x0000, 0x0000, 0x0000, 0x0000, 0x0000, 0x0000, 0x0000}, // Znak pusty
    {0x0000, 0x0000, 0x0000, 0x0000, 0x0000, 0x0000, 0x0000, 0x0000, 0x0000, 0x0000, 0x0000, 0x0000, 0x0000, 0x0000, 0x0000, 0x0000}, // Znak pusty
    {0x0000, 0x0000, 0x0000, 0x0000, 0x0000, 0x0000, 0x0000, 0x0000, 0x0000, 0x0000, 0x0000, 0x0000, 0x0000, 0x0000, 0x0000, 0x0000}, // Znak pusty
    {0x0000, 0x0000, 0x0000, 0x0000, 0x0000, 0x0000, 0x0000, 0x0000, 0x0000, 0x0000, 0x0000, 0x0000, 0x0000, 0x0000, 0x0000, 0x0000}, // Znak pusty
    {0x0000, 0x0000, 0x0000, 0x0000, 0x0000, 0x0000, 0x0000, 0x0000, 0x0000, 0x0000, 0x0000, 0x0000, 0x0000, 0x0000, 0x0000, 0x0000}, // Znak pusty
    {0x0000, 0x0000, 0x0000, 0x0000, 0x0000, 0x0000, 0x0000, 0x0000, 0x0000, 0x0000, 0x0000, 0x0000, 0x0000, 0x0000, 0x0000, 0x0000}, // Znak pusty
    {0x0000, 0x0000, 0x0000, 0x0000, 0x0000, 0x0000, 0x0000, 0x0000, 0x0000, 0x0000, 0x0000, 0x0000, 0x0000, 0x0000, 0x0000, 0x0000}, // Znak pusty
    {0x0000, 0x0000, 0x0000, 0x0000, 0x0000, 0x0000, 0x0000, 0x0000, 0x0000, 0x0000, 0x0000, 0x0000, 0x0000, 0x0000, 0x0000, 0x0000}, // Znak pusty
    {0x0000, 0x0000, 0x0000, 0x0000, 0x0000, 0x0000, 0x0000, 0x0000, 0x0000, 0x0000, 0x0000, 0x0000, 0x0000, 0x0000, 0x0000, 0x0000}, // Znak pusty
    {0x0000, 0x0000, 0x0000, 0x0000, 0x0000, 0x0000, 0x0000, 0x0000, 0x0000, 0x0000, 0x0000, 0x0000, 0x0000, 0x0000, 0x0000, 0x0000}, // Znak pusty
    {0x0000, 0x0000, 0x0000, 0x0000, 0x0000, 0x0000, 0x0000, 0x0000, 0x0000, 0x0000, 0x0000, 0x0000, 0x0000, 0x0000, 0x0000, 0x0000}, // Znak pusty
    {0x0000, 0x0000, 0x0000, 0x0000, 0x0000, 0x0000, 0x0000, 0x0000, 0x0000, 0x0000, 0x0000, 0x0000, 0x0000, 0x0000, 0x0000, 0x0000}, // Znak pusty
    {0x0000, 0x0000, 0x0000, 0x0000, 0x0000, 0x0000, 0x0000, 0x0000, 0x0000, 0x0000, 0x0000, 0x0000, 0x0000, 0x0000, 0x0000, 0x0000}, // Znak pusty
    {0x0000, 0x0000, 0x0000, 0x0000, 0x0000, 0x0000, 0x0000, 0x0000, 0x0000, 0x0000, 0x0000, 0x0000, 0x0000, 0x0000, 0x0000, 0x0000}, // Znak pusty
    {0x0000, 0x0000, 0x0000, 0x0000, 0x0000, 0x0000, 0x0000, 0x0000, 0x0000, 0x0000, 0x0000, 0x0000, 0x0000, 0x0000, 0x0000, 0x0000}, // Znak pusty
    {0x0000, 0x0000, 0x0000, 0x0000, 0x0000, 0x0000, 0x0000, 0x0000, 0x0000, 0x0000, 0x0000, 0x0000, 0x0000, 0x0000, 0x0000, 0x0000}, // Znak pusty
    {0x0000, 0x0000, 0x0000, 0x0000, 0x0000, 0x0000, 0x0000, 0x0000, 0x0000, 0x0000, 0x0000, 0x0000, 0x0000, 0x0000, 0x0000, 0x0000}, // Znak pusty
    {0x0000, 0x0000, 0x0000, 0x0000, 0x0000, 0x0000, 0x0000, 0x0000, 0x0000, 0x0000, 0x0000, 0x0000, 0x0000, 0x0000, 0x0000, 0x0000}, // Znak pusty
    {0x0000, 0x0000, 0x0000, 0x0000, 0x0000, 0x0000, 0x0000, 0x0000, 0x0000, 0x0000, 0x0000, 0x0000, 0x0000, 0x0000, 0x0000, 0x0000}, // Znak pusty
    {0x0000, 0x0000, 0x0000, 0x0000, 0x0000, 0x0000, 0x0000, 0x0000, 0x0000, 0x0000, 0x0000, 0x0000, 0x0000, 0x0000, 0x0000, 0x0000}, // Znak pusty
    {0x0000, 0x0000, 0x0000, 0x0000, 0x0000, 0x0000, 0x0000, 0x0000, 0x0000, 0x0000, 0x0000, 0x0000, 0x0000, 0x0000, 0x0000, 0x0000}, // Znak pusty
    {0x0000, 0x0000, 0x0000, 0x0000, 0x0000, 0x0000, 0x0000, 0x0000, 0x0000, 0x0000, 0x0000, 0x0000, 0x0000, 0x0000, 0x0000, 0x0000}, // Znak pusty
    {0x0000, 0x0000, 0x0000, 0x0000, 0x0000, 0x0000, 0x0000, 0x0000, 0x0000, 0x0000, 0x0000, 0x0000, 0x0000, 0x0000, 0x0000, 0x0000}, // Znak pusty
    {0x0000, 0x0000, 0x0000, 0x0000, 0x0000, 0x0000, 0x0000, 0x0000, 0x0000, 0x0000, 0x0000, 0x0000, 0x0000, 0x0000, 0x0000, 0x0000}, // Znak pusty
    {0x0000, 0x0000, 0x0000, 0x0000, 0x0000, 0x0000, 0x0000, 0x0000, 0x0000, 0x0000, 0x0000, 0x0000, 0x0000, 0x0000, 0x0000, 0x0000}, // Znak pusty
    {0x0000, 0x0000, 0x0000, 0x0000, 0x0000, 0x0000, 0x0000, 0x0000, 0x0000, 0x0000, 0x0000, 0x0000, 0x0000, 0x0000, 0x0000, 0x0000}, // Znak pusty
    {0x0000, 0x0000, 0x0000, 0x0000, 0x0000, 0x0000, 0x0000, 0x0000, 0x0000, 0x0000, 0x0000, 0x0000, 0x0000, 0x0000, 0x0000, 0x0000}, // Znak pusty
    {0x0000, 0x0000, 0x0000, 0x0000, 0x0000, 0x0000, 0x0000, 0x0000, 0x0000, 0x0000, 0x0000, 0x0000, 0x0000, 0x0000, 0x0000, 0x0000}, // Znak pusty
    {0x0000, 0x0000, 0x0000, 0x0000, 0x0000, 0x0000, 0x0000, 0x0000, 0x0000, 0x0000, 0x0000, 0x0000, 0x0000, 0x0000, 0x0000, 0x0000}, // Znak pusty
    {0x0000, 0x0000, 0x0000, 0x0000, 0x0000, 0x0000, 0x0000, 0x0000, 0x0000, 0x0000, 0x0000, 0x0000, 0x0000, 0x0000, 0x0000, 0x0000}, // Znak pusty
    {0x0000, 0x0000, 0x0000, 0x0000, 0x0000, 0x0000, 0x0000, 0x0000, 0x0000, 0x0000, 0x0000, 0x0000, 0x0000, 0x0000, 0x0000, 0x0000}, // Znak pusty
    {0x0000, 0x0000, 0x0000, 0x0000, 0x0000, 0x0000, 0x0000, 0x0000, 0x0000, 0x0000, 0x0000, 0x0000, 0x0000, 0x0000, 0x0000, 0x0000}, // Znak pusty
    {0x0000, 0x0000, 0x0000, 0x0000, 0x0000, 0x0000, 0x0000, 0x0000, 0x0000, 0x0000, 0x0000, 0x0000, 0x0000, 0x0000, 0x0000, 0x0000}, // Znak pusty
    {0x0000, 0x0000, 0x0000, 0x0000, 0x0000, 0x0000, 0x0000, 0x0000, 0x0000, 0x0000, 0x0000, 0x0000, 0x0000, 0x0000, 0x0000, 0x0000}, // Znak pusty
    {0x0000, 0x0000, 0x0000, 0x0000, 0x0000, 0x0000, 0x0000, 0x0000, 0x0000, 0x0000, 0x0000, 0x0000, 0x0000, 0x0000, 0x0000, 0x0000}, // Znak pusty
    {0x0000, 0x0000, 0x0000, 0x0000, 0x0000, 0x0000, 0x0000, 0x0000, 0x0000, 0x0000, 0x0000, 0x0000, 0x0000, 0x0000, 0x0000, 0x0000}, // Znak pusty
    {0x0000, 0x0000, 0x0000, 0x0000, 0x0000, 0x0000, 0x0000, 0x0000, 0x0000, 0x0000, 0x0000, 0x0000, 0x0000, 0x0000, 0x0000, 0x0000}, // Znak pusty
    {0x0000, 0x0000, 0x0000, 0x0000, 0x0000, 0x0000, 0x0000, 0x0000, 0x0000, 0x0000, 0x0000, 0x0000, 0x0000, 0x0000, 0x0000, 0x0000}, // Znak pusty
    {0x0000, 0x0000, 0x0000, 0x0000, 0x0000, 0x0000, 0x0000, 0x0000, 0x0000, 0x0000, 0x0000, 0x0000, 0x0000, 0x0000, 0x0000, 0x0000}, // Znak pusty
    {0x0000, 0x0000, 0x0000, 0x0000, 0x0000, 0x0000, 0x0000, 0x0000, 0x0000, 0x0000, 0x0000, 0x0000, 0x0000, 0x0000, 0x0000, 0x0000}, // Znak pusty
    {0x0000, 0x0000, 0x0000, 0x0000, 0x0000, 0x0000, 0x0000, 0x0000, 0x0000, 0x0000, 0x0000, 0x0000, 0x0000, 0x0000, 0x0000, 0x0000}, // Znak pusty
    {0x0000, 0x0000, 0x0000, 0x0000, 0x0000, 0x0000, 0x0000, 0x0000, 0x0000, 0x0000, 0x0000, 0x0000, 0x0000, 0x0000, 0x0000, 0x0000}, // Znak pusty
    {0x0000, 0x0000, 0x0000, 0x0000, 0x0000, 0x0000, 0x0000, 0x0000, 0x0000, 0x0000, 0x0000, 0x0000, 0x0000, 0x0000, 0x0000, 0x0000}, // Znak pusty
    {0x0000, 0x0000, 0x0000, 0x0000, 0x0000, 0x0000, 0x0000, 0x0000, 0x0000, 0x0000, 0x0000, 0x0000, 0x0000, 0x0000, 0x0000, 0x0000}, // Znak pusty
    {0x0000, 0x0000, 0x0000, 0x0000, 0x0000, 0x0000, 0x0000, 0x0000, 0x0000, 0x0000, 0x0000, 0x0000, 0x0000, 0x0000, 0x0000, 0x0000}, // Znak pusty
    {0x0000, 0x0000, 0x0000, 0x0000, 0x0000, 0x0000, 0x0000, 0x0000, 0x0000, 0x0000, 0x0000, 0x0000, 0x0000, 0x0000, 0x0000, 0x0000}, // Znak pusty
    {0x0000, 0x0000, 0x0000, 0x0000, 0x0000, 0x0000, 0x0000, 0x0000, 0x0000, 0x0000, 0x0000, 0x0000, 0x0000, 0x0000, 0x0000, 0x0000}, // Znak pusty
    {0x0000, 0x0000, 0x0000, 0x0000, 0x0000, 0x0000, 0x0000, 0x0000, 0x0000, 0x0000, 0x0000, 0x0000, 0x0000, 0x0000, 0x0000, 0x0000}, // Znak pusty
    {0x0000, 0x0000, 0x0000, 0x0000, 0x0000, 0x0000, 0x0000, 0x0000, 0x0000, 0x0000, 0x0000, 0x0000, 0x0000, 0x0000, 0x0000, 0x0000}, // Znak pusty
    {0x0000, 0x0000, 0x0000, 0x0000, 0x0000, 0x0000, 0x0000, 0x0000, 0x0000, 0x0000, 0x0000, 0x0000, 0x0000, 0x0000, 0x0000, 0x0000}, // Znak pusty
    {0x0000, 0x0000, 0x0000, 0x0000, 0x0000, 0x0000, 0x0000, 0x0000, 0x0000, 0x0000, 0x0000, 0x0000, 0x0000, 0x0000, 0x0000, 0x0000}, // Znak pusty
    {0x0000, 0x0000, 0x0000, 0x0000, 0x0000, 0x0000, 0x0000, 0x0000, 0x0000, 0x0000, 0x0000, 0x0000, 0x0000, 0x0000, 0x0000, 0x0000}, // Znak pusty
    {0x0000, 0x0000, 0x0000, 0x0000, 0x0000, 0x0000, 0x0000, 0x0000, 0x0000, 0x0000, 0x0000, 0x0000, 0x0000, 0x0000, 0x0000, 0x0000}, // Znak pusty
    {0x0000, 0x0000, 0x0000, 0x0000, 0x0000, 0x0000, 0x0000, 0x0000, 0x0000, 0x0000, 0x0000, 0x0000, 0x0000, 0x0000, 0x0000, 0x0000}, // Znak pusty
    {0x0000, 0x0000, 0x0000, 0x0000, 0x0000, 0x0000, 0x0000, 0x0000, 0x0000, 0x0000, 0x0000, 0x0000, 0x0000, 0x0000, 0x0000, 0x0000}, // Znak pusty
    {0x0000, 0x0000, 0x0000, 0x0000, 0x0000, 0x0000, 0x0000, 0x0000, 0x0000, 0x0000, 0x0000, 0x0000, 0x0000, 0x0000, 0x0000, 0x0000}, // Znak pusty
    {0x0000, 0x0000, 0x0000, 0x0000, 0x0000, 0x0000, 0x0000, 0x0000, 0x0000, 0x0000, 0x0000, 0x0000, 0x0000, 0x0000, 0x0000, 0x0000}, // Znak pusty
    {0x0000, 0x0000, 0x0000, 0x0000, 0x0000, 0x0000, 0x0000, 0x0000, 0x0000, 0x0000, 0x0000, 0x0000, 0x0000, 0x0000, 0x0000, 0x0000}, // Znak pusty
    {0x0000, 0x0000, 0x0000, 0x0000, 0x0000, 0x0000, 0x0000, 0x0000, 0x0000, 0x0000, 0x0000, 0x0000, 0x0000, 0x0000, 0x0000, 0x0000}, // Znak pusty
    {0x0000, 0x0000, 0x0000, 0x0000, 0x0000, 0x0000, 0x0000, 0x0000, 0x0000, 0x0000, 0x0000, 0x0000, 0x0000, 0x0000, 0x0000, 0x0000}, // Znak pusty
    {0x0000, 0x0000, 0x0000, 0x0000, 0x0000, 0x0000, 0x0000, 0x0000, 0x0000, 0x0000, 0x0000, 0x0000, 0x0000, 0x0000, 0x0000, 0x0000}, // Znak pusty
    {0x0000, 0x0000, 0x0000, 0x0000, 0x0000, 0x0000, 0x0000, 0x0000, 0x0000, 0x0000, 0x0000, 0x0000, 0x0000, 0x0000, 0x0000, 0x0000}, // Znak pusty
    {0x0000, 0x0000, 0x0000, 0x0000, 0x0000, 0x0000, 0x0000, 0x0000, 0x0000, 0x0000, 0x0000, 0x0000, 0x0000, 0x0000, 0x0000, 0x0000}, // Znak pusty
    {0x0000, 0x0000, 0x0000, 0x0000, 0x0000, 0x0000, 0x0000, 0x0000, 0x0000, 0x0000, 0x0000, 0x0000, 0x0000, 0x0000, 0x0000, 0x0000}, // Znak pusty
    {0x0000, 0x0000, 0x0000, 0x0000, 0x0000, 0x0000, 0x0000, 0x0000, 0x0000, 0x0000, 0x0000, 0x0000, 0x0000, 0x0000, 0x0000, 0x0000}, // Znak pusty
    {0x0000, 0x0000, 0x0000, 0x0000, 0x0000, 0x0000, 0x0000, 0x0000, 0x0000, 0x0000, 0x0000, 0x0000, 0x0000, 0x0000, 0x0000, 0x0000}, // Znak pusty
    {0x0000, 0x0000, 0x0000, 0x0000, 0x0000, 0x0000, 0x0000, 0x0000, 0x0000, 0x0000, 0x0000, 0x0000, 0x0000, 0x0000, 0x0000, 0x0000}, // Znak pusty
    {0x0000, 0x0000, 0x0000, 0x0000, 0x0000, 0x0000, 0x0000, 0x0000, 0x0000, 0x0000, 0x0000, 0x0000, 0x0000, 0x0000, 0x0000, 0x0000}, // Znak pusty
    {0x0000, 0x0000, 0x0000, 0x0000, 0x0000, 0x0000, 0x0000, 0x0000, 0x0000, 0x0000, 0x0000, 0x0000, 0x0000, 0x0000, 0x0000, 0x0000}, // Znak pusty
    {0x0000, 0x0000, 0x0000, 0x0000, 0x0000, 0x0000, 0x0000, 0x0000, 0x0000, 0x0000, 0x0000, 0x0000, 0x0000, 0x0000, 0x0000, 0x0000}, // Znak pusty
    {0x0000, 0x0000, 0x0000, 0x0000, 0x0000, 0x0000, 0x0000, 0x0000, 0x0000, 0x0000, 0x0000, 0x0000, 0x0000, 0x0000, 0x0000, 0x0000}, // Znak pusty
    {0x0000, 0x0000, 0x0000, 0x0000, 0x0000, 0x0000, 0x0000, 0x0000, 0x0000, 0x0000, 0x0000, 0x0000, 0x0000, 0x0000, 0x0000, 0x0000}, // Znak pusty
    {0x0000, 0x0000, 0x0000, 0x0000, 0x0000, 0x0000, 0x0000, 0x0000, 0x0000, 0x0000, 0x0000, 0x0000, 0x0000, 0x0000, 0x0000, 0x0000}, // Znak pusty
    {0x0000, 0x0000, 0x0000, 0x0000, 0x0000, 0x0000, 0x0000, 0x0000, 0x0000, 0x0000, 0x0000, 0x0000, 0x0000, 0x0000, 0x0000, 0x0000}, // Znak pusty
    {0x0000, 0x0000, 0x0000, 0x0000, 0x0000, 0x0000, 0x0000, 0x0000, 0x0000, 0x0000, 0x0000, 0x0000, 0x0000, 0x0000, 0x0000, 0x0000}, // Znak pusty
    {0x0000, 0x0000, 0x0000, 0x0000, 0x0000, 0x0000, 0x0000, 0x0000, 0x0000, 0x0000, 0x0000, 0x0000, 0x0000, 0x0000, 0x0000, 0x0000}, // Znak pusty
    {0x0000, 0x0000, 0x0000, 0x0000, 0x0000, 0x0000, 0x0000, 0x0000, 0x0000, 0x0000, 0x0000, 0x0000, 0x0000, 0x0000, 0x0000, 0x0000}, // Znak pusty
    {0x0000, 0x0000, 0x0000, 0x0000, 0x0000, 0x0000, 0x0000, 0x0000, 0x0000, 0x0000, 0x0000, 0x0000, 0x0000, 0x0000, 0x0000, 0x0000}, // Znak pusty
    {0x0000, 0x0000, 0x0000, 0x0000, 0x0000, 0x0000, 0x0000, 0x0000, 0x0000, 0x0000, 0x0000, 0x0000, 0x0000, 0x0000, 0x0000, 0x0000}, // Znak pusty
    {0x0000, 0x0000, 0x0000, 0x0000, 0x0000, 0x0000, 0x0000, 0x0000, 0x0000, 0x0000, 0x0000, 0x0000, 0x0000, 0x0000, 0x0000, 0x0000}, // Znak pusty
    {0x0000, 0x0000, 0x0000, 0x0000, 0x0000, 0x0000, 0x0000, 0x0000, 0x0000, 0x0000, 0x0000, 0x0000, 0x0000, 0x0000, 0x0000, 0x0000}, // Znak pusty
    {0x0000, 0x0000, 0x0000, 0x0000, 0x0000, 0x0000, 0x0000, 0x0000, 0x0000, 0x0000, 0x0000, 0x0000, 0x0000, 0x0000, 0x0000, 0x0000}, // Znak pusty
    {0x0000, 0x0000, 0x0000, 0x0000, 0x0000, 0x0000, 0x0000, 0x0000, 0x0000, 0x0000, 0x0000, 0x0000, 0x0000, 0x0000, 0x0000, 0x0000}, // Znak pusty
    {0x0000, 0x0000, 0x0000, 0x0000, 0x0000, 0x0000, 0x0000, 0x0000, 0x0000, 0x0000, 0x0000, 0x0000, 0x0000, 0x0000, 0x0000, 0x0000}, // Znak pusty
    {0x0000, 0x0000, 0x0000, 0x0000, 0x0000, 0x0000, 0x0000, 0x0000, 0x0000, 0x0000, 0x0000, 0x0000, 0x0000, 0x0000, 0x0000, 0x0000}, // Znak pusty
    {0x0000, 0x0000, 0x0000, 0x0000, 0x0000, 0x0000, 0x0000, 0x0000, 0x0000, 0x0000, 0x0000, 0x0000, 0x0000, 0x0000, 0x0000, 0x0000}, // Znak pusty
    {0x0000, 0x0000, 0x0000, 0x0000, 0x0000, 0x0000, 0x0000, 0x0000, 0x0000, 0x0000, 0x0000, 0x0000, 0x0000, 0x0000, 0x0000, 0x0000}, // Znak pusty
    {0x0000, 0x0000, 0x0000, 0x0000, 0x0000, 0x0000, 0x0000, 0x0000, 0x0000, 0x0000, 0x0000, 0x0000, 0x0000, 0x0000, 0x0000, 0x0000}, // Znak pusty
    {0x0000, 0x0000, 0x0000, 0x0000, 0x0000, 0x0000, 0x0000, 0x0000, 0x0000, 0x0000, 0x0000, 0x0000, 0x0000, 0x0000, 0x0000, 0x0000}, // Znak pusty
    {0x0000, 0x0000, 0x0000, 0x0000, 0x0000, 0x0000, 0x0000, 0x0000, 0x0000, 0x0000, 0x0000, 0x0000, 0x0000, 0x0000, 0x0000, 0x0000}, // Znak pusty
    {0x0000, 0x0000, 0x0000, 0x0000, 0x0000, 0x0000, 0x0000, 0x0000, 0x0000, 0x0000, 0x0000, 0x0000, 0x0000, 0x0000, 0x0000, 0x0000}, // Znak pusty
    {0x0000, 0x0000, 0x0000, 0x0000, 0x0000, 0x0000, 0x0000, 0x0000, 0x0000, 0x0000, 0x0000, 0x0000, 0x0000, 0x0000, 0x0000, 0x0000}, // Znak pusty
    {0x0000, 0x0000, 0x0000, 0x0000, 0x0000, 0x0000, 0x0000, 0x0000, 0x0000, 0x0000, 0x0000, 0x0000, 0x0000, 0x0000, 0x0000, 0x0000}, // Znak pusty
    {0x0000, 0x0000, 0x0000, 0x0000, 0x0000, 0x0000, 0x0000, 0x0000, 0x0000, 0x0000, 0x0000, 0x0000, 0x0000, 0x0000, 0x0000, 0x0000}, // Znak pusty
    {0x0000, 0x0000, 0x0000, 0x0000, 0x0000, 0x0000, 0x0000, 0x0000, 0x0000, 0x0000, 0x0000, 0x0000, 0x0000, 0x0000, 0x0000, 0x0000}, // Znak pusty
    {0x0000, 0x0000, 0x0000, 0x0000, 0x0000, 0x0000, 0x0000, 0x0000, 0x0000, 0x0000, 0x0000, 0x0000, 0x0000, 0x0000, 0x0000, 0x0000}, // Znak pusty
    {0x0000, 0x0000, 0x0000, 0x0000, 0x0000, 0x0000, 0x0000, 0x0000, 0x0000, 0x0000, 0x0000, 0x0000, 0x0000, 0x0000, 0x0000, 0x0000}, // Znak pusty
    {0x0000, 0x0000, 0x0000, 0x0000, 0x0000, 0x0000, 0x0000, 0x0000, 0x0000, 0x0000, 0x0000, 0x0000, 0x0000, 0x0000, 0x0000, 0x0000}, // Znak pusty
    {0x0000, 0x0000, 0x0000, 0x0000, 0x0000, 0x0000, 0x0000, 0x0000, 0x0000, 0x0000, 0x0000, 0x0000, 0x0000, 0x0000, 0x0000, 0x0000}, // Znak pusty
    {0x0000, 0x0000, 0x0000, 0x0000, 0x0000, 0x0000, 0x0000, 0x0000, 0x0000, 0x0000, 0x0000, 0x0000, 0x0000, 0x0000, 0x0000, 0x0000}, // Znak pusty
    {0x0000, 0x0000, 0x0000, 0x0000, 0x0000, 0x0000, 0x0000, 0x0000, 0x0000, 0x0000, 0x0000, 0x0000, 0x0000, 0x0000, 0x0000, 0x0000}, // Znak pusty
    {0x0000, 0x0000, 0x0000, 0x0000, 0x0000, 0x0000, 0x0000, 0x0000, 0x0000, 0x0000, 0x0000, 0x0000, 0x0000, 0x0000, 0x0000, 0x0000}, // Znak pusty
    {0x0000, 0x0000, 0x0000, 0x0000, 0x0000, 0x0000, 0x0000, 0x0000, 0x0000, 0x0000, 0x0000, 0x0000, 0x0000, 0x0000, 0x0000, 0x0000}, // Znak pusty
    {0x0000, 0x0000, 0x0000, 0x0000, 0x0000, 0x0000, 0x0000, 0x0000, 0x0000, 0x0000, 0x0000, 0x0000, 0x0000, 0x0000, 0x0000, 0x0000}, // Znak pusty
    {0x0000, 0x0000, 0x0000, 0x0000, 0x0000, 0x0000, 0x0000, 0x0000, 0x0000, 0x0000, 0x0000, 0x0000, 0x0000, 0x0000, 0x0000, 0x0000}, // Znak pusty
    {0x0000, 0x0000, 0x0000, 0x0000, 0x0000, 0x0000, 0x0000, 0x0000, 0x0000, 0x0000, 0x0000, 0x0000, 0x0000, 0x0000, 0x0000, 0x0000}, // Znak pusty
    {0x0000, 0x0000, 0x0000, 0x0000, 0x0000, 0x0000, 0x0000, 0x0000, 0x0000, 0x0000, 0x0000, 0x0000, 0x0000, 0x0000, 0x0000, 0x0000}, // Znak pusty
    {0x0000, 0x0000, 0x0000, 0x0000, 0x0000, 0x0000, 0x0000, 0x0000, 0x0000, 0x0000, 0x0000, 0x0000, 0x0000, 0x0000, 0x0000, 0x0000}, // Znak pusty
    {0x0000, 0x0000, 0x0000, 0x0000, 0x0000, 0x0000, 0x0000, 0x0000, 0x0000, 0x0000, 0x0000, 0x0000, 0x0000, 0x0000, 0x0000, 0x0000}, // Znak pusty
    {0x0000, 0x0000, 0x0000, 0x0000, 0x0000, 0x0000, 0x0000, 0x0000, 0x0000, 0x0000, 0x0000, 0x0000, 0x0000, 0x0000, 0x0000, 0x0000}, // Znak pusty
    {0x0000, 0x0000, 0x0000, 0x0000, 0x0000, 0x0000, 0x0000, 0x0000, 0x0000, 0x0000, 0x0000, 0x0000, 0x0000, 0x0000, 0x0000, 0x0000}, // Znak pusty
    {0x0000, 0x0000, 0x0000, 0x0000, 0x0000, 0x0000, 0x0000, 0x0000, 0x0000, 0x0000, 0x0000, 0x0000, 0x0000, 0x0000, 0x0000, 0x0000}, // Znak pusty
    {0x0000, 0x0000, 0x0000, 0x0000, 0x0000, 0x0000, 0x0000, 0x0000, 0x0000, 0x0000, 0x0000, 0x0000, 0x0000, 0x0000, 0x0000, 0x0000}, // Znak pusty
    {0x0000, 0x0000, 0x0000, 0x0000, 0x0000, 0x0000, 0x0000, 0x0000, 0x0000, 0x0000, 0x0000, 0x0000, 0x0000, 0x0000, 0x0000, 0x0000}, // Znak pusty
    {0x0000, 0x0000, 0x0000, 0x0000, 0x0000, 0x0000, 0x0000, 0x0000, 0x0000, 0x0000, 0x0000, 0x0000, 0x0000, 0x0000, 0x0000, 0x0000}, // Znak pusty
    {0x0000, 0x0000, 0x0000, 0x0000, 0x0000, 0x0000, 0x0000, 0x0000, 0x0000, 0x0000, 0x0000, 0x0000, 0x0000, 0x0000, 0x0000, 0x0000}, // Znak pusty
    {0x0000, 0x0000, 0x0000, 0x0000, 0x0000, 0x0000, 0x0000, 0x0000, 0x0000, 0x0000, 0x0000, 0x0000, 0x0000, 0x0000, 0x0000, 0x0000}, // Znak pusty
    {0x0000, 0x0000, 0x0000, 0x0000, 0x0000, 0x0000, 0x0000, 0x0000, 0x0000, 0x0000, 0x0000, 0x0000, 0x0000, 0x0000, 0x0000, 0x0000}, // Znak pusty
    {0x0000, 0x0000, 0x0000, 0x0000, 0x0000, 0x0000, 0x0000, 0x0000, 0x0000, 0x0000, 0x0000, 0x0000, 0x0000, 0x0000, 0x0000, 0x0000}, // Znak pusty
    {0x0000, 0x0000, 0x0000, 0x0000, 0x0000, 0x0000, 0x0000, 0x0000, 0x0000, 0x0000, 0x0000, 0x0000, 0x0000, 0x0000, 0x0000, 0x0000}, // Znak pusty
    {0x0000, 0x0000, 0x0000, 0x0000, 0x0000, 0x0000, 0x0000, 0x0000, 0x0000, 0x0000, 0x0000, 0x0000, 0x0000, 0x0000, 0x0000, 0x0000}, // Znak pusty
    {0x0000, 0x0000, 0x0000, 0x0000, 0x0000, 0x0000, 0x0000, 0x0000, 0x0000, 0x0000, 0x0000, 0x0000, 0x0000, 0x0000, 0x0000, 0x0000}, // Znak pusty
    {0x0000, 0x0000, 0x0000, 0x0000, 0x0000, 0x0000, 0x0000, 0x0000, 0x0000, 0x0000, 0x0000, 0x0000, 0x0000, 0x0000, 0x0000, 0x0000}, // Znak pusty
    {0x0000, 0x0000, 0x0000, 0x0000, 0x0000, 0x0000, 0x0000, 0x0000, 0x0000, 0x0000, 0x0000, 0x0000, 0x0000, 0x0000, 0x0000, 0x0000}, // Znak pusty
    {0x0000, 0x0000, 0x0000, 0x0000, 0x0000, 0x0000, 0x0000, 0x0000, 0x0000, 0x0000, 0x0000, 0x0000, 0x0000, 0x0000, 0x0000, 0x0000}, // Znak pusty
    {0x0000, 0x0000, 0x0000, 0x0000, 0x0000, 0x0000, 0x0000, 0x0000, 0x0000, 0x0000, 0x0000, 0x0000, 0x0000, 0x0000, 0x0000, 0x0000}, // Znak pusty
    {0x0000, 0x0000, 0x0000, 0x0000, 0x0000, 0x0000, 0x0000, 0x0000, 0x0000, 0x0000, 0x0000, 0x0000, 0x0000, 0x0000, 0x0000, 0x0000}, // Znak pusty
    {0x0000, 0x0000, 0x0000, 0x0000, 0x0000, 0x0000, 0x0000, 0x0000, 0x0000, 0x0000, 0x0000, 0x0000, 0x0000, 0x0000, 0x0000, 0x0000}, // Znak pusty
    {0x0000, 0x0000, 0x0000, 0x0000, 0x0000, 0x0000, 0x0000, 0x0000, 0x0000, 0x0000, 0x0000, 0x0000, 0x0000, 0x0000, 0x0000, 0x0000}, // Znak pusty
    {0x0000, 0x0000, 0x0000, 0x0000, 0x0000, 0x0000, 0x0000, 0x0000, 0x0000, 0x0000, 0x0000, 0x0000, 0x0000, 0x0000, 0x0000, 0x0000}, // Znak pusty
    {0x0000, 0x0000, 0x0000, 0x0000, 0x0000, 0x0000, 0x0000, 0x0000, 0x0000, 0x0000, 0x0000, 0x0000, 0x0000, 0x0000, 0x0000, 0x0000}, // Znak pusty
    {0x0000, 0x0000, 0x0000, 0x0000, 0x0000, 0x0000, 0x0000, 0x0000, 0x0000, 0x0000, 0x0000, 0x0000, 0x0000, 0x0000, 0x0000, 0x0000}, // Znak pusty
    {0x0000, 0x0000, 0x0000, 0x0000, 0x0000, 0x0000, 0x0000, 0x0000, 0x0000, 0x0000, 0x0000, 0x0000, 0x0000, 0x0000, 0x0000, 0x0000}, // Znak pusty
    {0x0000, 0x0000, 0x0000, 0x0000, 0x0000, 0x0000, 0x0000, 0x0000, 0x0000, 0x0000, 0x0000, 0x0000, 0x0000, 0x0000, 0x0000, 0x0000}, // Znak pusty
    {0x0000, 0x0000, 0x0000, 0x0000, 0x0000, 0x0000, 0x0000, 0x0000, 0x0000, 0x0000, 0x0000, 0x0000, 0x0000, 0x0000, 0x0000, 0x0000}, // Znak pusty
    {0x0000, 0x0000, 0x0000, 0x0000, 0x0000, 0x0000, 0x0000, 0x0000, 0x0000, 0x0000, 0x0000, 0x0000, 0x0000, 0x0000, 0x0000, 0x0000}, // Znak pusty
    {0x0000, 0x0000, 0x0000, 0x0000, 0x0000, 0x0000, 0x0000, 0x0000, 0x0000, 0x0000, 0x0000, 0x0000, 0x0000, 0x0000, 0x0000, 0x0000}, // Znak pusty
    {0x0000, 0x0000, 0x0000, 0x0000, 0x0000, 0x0000, 0x0000, 0x0000, 0x0000, 0x0000, 0x0000, 0x0000, 0x0000, 0x0000, 0x0000, 0x0000}, // Znak pusty
    {0x0000, 0x0000, 0x0000, 0x0000, 0x0000, 0x0000, 0x0000, 0x0000, 0x0000, 0x0000, 0x0000, 0x0000, 0x0000, 0x0000, 0x0000, 0x0000}, // Znak pusty
    {0x0000, 0x0000, 0x0000, 0x0000, 0x0000, 0x0000, 0x0000, 0x0000, 0x0000, 0x0000, 0x0000, 0x0000, 0x0000, 0x0000, 0x0000, 0x0000}, // Znak pusty
    {0x0000, 0x0000, 0x0000, 0x0000, 0x0000, 0x0000, 0x0000, 0x0000, 0x0000, 0x0000, 0x0000, 0x0000, 0x0000, 0x0000, 0x0000, 0x0000}, // Znak pusty
    {0x0000, 0x0000, 0x0000, 0x0000, 0x0000, 0x0000, 0x0000, 0x0000, 0x0000, 0x0000, 0x0000, 0x0000, 0x0000, 0x0000, 0x0000, 0x0000}, // Znak pusty
    {0x0000, 0x0000, 0x0000, 0x0000, 0x0000, 0x0000, 0x0000, 0x0000, 0x0000, 0x0000, 0x0000, 0x0000, 0x0000, 0x0000, 0x0000, 0x0000}, // Znak pusty
    {0x0000, 0x0000, 0x0000, 0x0000, 0x0000, 0x0000, 0x0000, 0x0000, 0x0000, 0x0000, 0x0000, 0x0000, 0x0000, 0x0000, 0x0000, 0x0000}, // Znak pusty
    {0x0000, 0x0000, 0x0000, 0x0000, 0x0000, 0x0000, 0x0000, 0x0000, 0x0000, 0x0000, 0x0000, 0x0000, 0x0000, 0x0000, 0x0000, 0x0000}, // Znak pusty
    {0x0000, 0x0000, 0x0000, 0x0000, 0x0000, 0x0000, 0x0000, 0x0000, 0x0000, 0x0000, 0x0000, 0x0000, 0x0000, 0x0000, 0x0000, 0x0000}, // Znak pusty
    {0x0000, 0x0000, 0x0000, 0x0000, 0x0000, 0x0000, 0x0000, 0x0000, 0x0000, 0x0000, 0x0000, 0x0000, 0x0000, 0x0000, 0x0000, 0x0000}, // Znak pusty
    {0x0000, 0x0000, 0x0000, 0x0000, 0x0000, 0x0000, 0x0000, 0x0000, 0x0000, 0x0000, 0x0000, 0x0000, 0x0000, 0x0000, 0x0000, 0x0000}, // Znak pusty
    {0x0000, 0x0000, 0x0000, 0x0000, 0x0000, 0x0000, 0x0000, 0x0000, 0x0000, 0x0000, 0x0000, 0x0000, 0x0000, 0x0000, 0x0000, 0x0000}, // Znak pusty
    {0x0000, 0x0000, 0x0000, 0x0000, 0x0000, 0x0000, 0x0000, 0x0000, 0x0000, 0x0000, 0x0000, 0x0000, 0x0000, 0x0000, 0x0000, 0x0000}, // Znak pusty
    {0x0000, 0x0000, 0x0000, 0x0000, 0x0000, 0x0000, 0x0000, 0x0000, 0x0000, 0x0000, 0x0000, 0x0000, 0x0000, 0x0000, 0x0000, 0x0000}, // Znak pusty
    {0x0000, 0x0000, 0x0000, 0x0000, 0x0000, 0x0000, 0x0000, 0x0000, 0x0000, 0x0000, 0x0000, 0x0000, 0x0000, 0x0000, 0x0000, 0x0000}, // Znak pusty
    {0x0000, 0x0000, 0x0000, 0x0000, 0x0000, 0x0000, 0x0000, 0x0000, 0x0000, 0x0000, 0x0000, 0x0000, 0x0000, 0x0000, 0x0000, 0x0000}, // Znak pusty
    {0x0000, 0x0000, 0x0000, 0x0000, 0x0000, 0x0000, 0x0000, 0x0000, 0x0000, 0x0000, 0x0000, 0x0000, 0x0000, 0x0000, 0x0000, 0x0000}, // Znak pusty
    {0x0000, 0x0000, 0x0000, 0x0000, 0x0000, 0x0000, 0x0000, 0x0000, 0x0000, 0x0000, 0x0000, 0x0000, 0x0000, 0x0000, 0x0000, 0x0000}, // Znak pusty
    {0x0000, 0x0000, 0x0000, 0x0000, 0x0000, 0x0000, 0x0000, 0x0000, 0x0000, 0x0000, 0x0000, 0x0000, 0x0000, 0x0000, 0x0000, 0x0000}, // Znak pusty
    {0x0000, 0x0000, 0x0000, 0x0000, 0x0000, 0x0000, 0x0000, 0x0000, 0x0000, 0x0000, 0x0000, 0x0000, 0x0000, 0x0000, 0x0000, 0x0000}, // Znak pusty
    {0x0000, 0x0000, 0x0000, 0x0000, 0x0000, 0x0000, 0x0000, 0x0000, 0x0000, 0x0000, 0x0000, 0x0000, 0x0000, 0x0000, 0x0000, 0x0000}, // Znak pusty
    {0x0000, 0x0000, 0x0000, 0x0000, 0x0000, 0x0000, 0x0000, 0x0000, 0x0000, 0x0000, 0x0000, 0x0000, 0x0000, 0x0000, 0x0000, 0x0000}, // Znak pusty
    {0x0000, 0x0000, 0x0000, 0x0000, 0x0000, 0x0000, 0x0000, 0x0000, 0x0000, 0x0000, 0x0000, 0x0000, 0x0000, 0x0000, 0x0000, 0x0000}, // Znak pusty
    {0x0000, 0x0000, 0x0000, 0x0000, 0x0000, 0x0000, 0x0000, 0x0000, 0x0000, 0x0000, 0x0000, 0x0000, 0x0000, 0x0000, 0x0000, 0x0000}, // Znak pusty
    {0x0000, 0x0000, 0x0000, 0x0000, 0x0000, 0x0000, 0x0000, 0x0000, 0x0000, 0x0000, 0x0000, 0x0000, 0x0000, 0x0000, 0x0000, 0x0000}, // Znak pusty
    {0x0000, 0x0000, 0x0000, 0x0000, 0x0000, 0x0000, 0x0000, 0x0000, 0x0000, 0x0000, 0x0000, 0x0000, 0x0000, 0x0000, 0x0000, 0x0000}, // Znak pusty
    {0x0000, 0x0000, 0x0000, 0x0000, 0x0000, 0x0000, 0x0000, 0x0000, 0x0000, 0x0000, 0x0000, 0x0000, 0x0000, 0x0000, 0x0000, 0x0000}, // Znak pusty
    {0x0000, 0x0000, 0x0000, 0x0000, 0x0000, 0x0000, 0x0000, 0x0000, 0x0000, 0x0000, 0x0000, 0x0000, 0x0000, 0x0000, 0x0000, 0x0000}, // Znak pusty
    {0x0000, 0x0000, 0x0000, 0x0000, 0x0000, 0x0000, 0x0000, 0x0000, 0x0000, 0x0000, 0x0000, 0x0000, 0x0000, 0x0000, 0x0000, 0x0000}, // Znak pusty
    {0x0000, 0x0000, 0x0000, 0x0000, 0x0000, 0x0000, 0x0000, 0x0000, 0x0000, 0x0000, 0x0000, 0x0000, 0x0000, 0x0000, 0x0000, 0x0000}, // Znak pusty
    {0x0000, 0x0000, 0x0000, 0x0000, 0x0000, 0x0000, 0x0000, 0x0000, 0x0000, 0x0000, 0x0000, 0x0000, 0x0000, 0x0000, 0x0000, 0x0000}, // Znak pusty
    {0x0000, 0x0000, 0x0000, 0x0000, 0x0000, 0x0000, 0x0000, 0x0000, 0x0000, 0x0000, 0x0000, 0x0000, 0x0000, 0x0000, 0x0000, 0x0000}, // Znak pusty
    {0x0000, 0x0000, 0x0000, 0x0000, 0x0000, 0x0000, 0x0000, 0x0000, 0x0000, 0x0000, 0x0000, 0x0000, 0x0000, 0x0000, 0x0000, 0x0000}, // Znak pusty
    {0x0000, 0x0000, 0x0000, 0x0000, 0x0000, 0x0000, 0x0000, 0x0000, 0x0000, 0x0000, 0x0000, 0x0000, 0x0000, 0x0000, 0x0000, 0x0000}, // Znak pusty
    {0x0000, 0x0000, 0x0000, 0x0000, 0x0000, 0x0000, 0x0000, 0x0000, 0x0000, 0x0000, 0x0000, 0x0000, 0x0000, 0x0000, 0x0000, 0x0000}, // Znak pusty
    {0x0000, 0x0000, 0x0000, 0x0000, 0x0000, 0x0000, 0x0000, 0x0000, 0x0000, 0x0000, 0x0000, 0x0000, 0x0000, 0x0000, 0x0000, 0x0000}, // Znak pusty
    {0x0000, 0x0000, 0x0000, 0x0000, 0x0000, 0x0000, 0x0000, 0x0000, 0x0000, 0x0000, 0x0000, 0x0000, 0x0000, 0x0000, 0x0000, 0x0000}, // Znak pusty
    {0x0000, 0x0000, 0x0000, 0x0000, 0x0000, 0x0000, 0x0000, 0x0000, 0x0000, 0x0000, 0x0000, 0x0000, 0x0000, 0x0000, 0x0000, 0x0000}, // Znak pusty
    {0x0000, 0x0000, 0x0000, 0x0000, 0x0000, 0x0000, 0x0000, 0x0000, 0x0000, 0x0000, 0x0000, 0x0000, 0x0000, 0x0000, 0x0000, 0x0000}, // Znak pusty
    {0x0000, 0x0000, 0x0000, 0x0000, 0x0000, 0x0000, 0x0000, 0x0000, 0x0000, 0x0000, 0x0000, 0x0000, 0x0000, 0x0000, 0x0000, 0x0000}, // Znak pusty
    {0x0000, 0x0000, 0x0000, 0x0000, 0x0000, 0x0000, 0x0000, 0x0000, 0x0000, 0x0000, 0x0000, 0x0000, 0x0000, 0x0000, 0x0000, 0x0000}, // Znak pusty
    {0x0000, 0x0000, 0x0000, 0x0000, 0x0000, 0x0000, 0x0000, 0x0000, 0x0000, 0x0000, 0x0000, 0x0000, 0x0000, 0x0000, 0x0000, 0x0000}, // Znak pusty
    {0x0000, 0x0000, 0x0000, 0x0000, 0x0000, 0x0000, 0x0000, 0x0000, 0x0000, 0x0000, 0x0000, 0x0000, 0x0000, 0x0000, 0x0000, 0x0000}, // Znak pusty
    {0x0000, 0x0000, 0x0000, 0x0000, 0x0000, 0x0000, 0x0000, 0x0000, 0x0000, 0x0000, 0x0000, 0x0000, 0x0000, 0x0000, 0x0000, 0x0000}, // Znak pusty
    {0x0000, 0x0000, 0x0000, 0x0000, 0x0000, 0x0000, 0x0000, 0x0000, 0x0000, 0x0000, 0x0000, 0x0000, 0x0000, 0x0000, 0x0000, 0x0000}, // Znak pusty
    {0x0000, 0x0000, 0x0000, 0x0000, 0x0000, 0x0000, 0x0000, 0x0000, 0x0000, 0x0000, 0x0000, 0x0000, 0x0000, 0x0000, 0x0000, 0x0000}, // Znak pusty
    {0x0000, 0x0000, 0x0000, 0x0000, 0x0000, 0x0000, 0x0000, 0x0000, 0x0000, 0x0000, 0x0000, 0x0000, 0x0000, 0x0000, 0x0000, 0x0000}, // Znak pusty
    {0x0000, 0x0000, 0x0000, 0x0000, 0x0000, 0x0000, 0x0000, 0x0000, 0x0000, 0x0000, 0x0000, 0x0000, 0x0000, 0x0000, 0x0000, 0x0000}, // Znak pusty
    {0x0000, 0x0000, 0x0000, 0x0000, 0x0000, 0x0000, 0x0000, 0x0000, 0x0000, 0x0000, 0x0000, 0x0000, 0x0000, 0x0000, 0x0000, 0x0000}, // Znak pusty
    {0x0000, 0x0000, 0x0000, 0x0000, 0x0000, 0x0000, 0x0000, 0x0000, 0x0000, 0x0000, 0x0000, 0x0000, 0x0000, 0x0000, 0x0000, 0x0000}, // Znak pusty
    {0x0000, 0x0000, 0x0000, 0x0000, 0x0000, 0x0000, 0x0000, 0x0000, 0x0000, 0x0000, 0x0000, 0x0000, 0x0000, 0x0000, 0x0000, 0x0000}, // Znak pusty
    {0x0000, 0x0000, 0x0000, 0x0000, 0x0000, 0x0000, 0x0000, 0x0000, 0x0000, 0x0000, 0x0000, 0x0000, 0x0000, 0x0000, 0x0000, 0x0000}, // Znak pusty
    {0x0000, 0x0000, 0x0000, 0x0000, 0x0000, 0x0000, 0x0000, 0x0000, 0x0000, 0x0000, 0x0000, 0x0000, 0x0000, 0x0000, 0x0000, 0x0000}, // Znak pusty
    {0x0000, 0x0000, 0x0000, 0x0000, 0x0000, 0x0000, 0x0000, 0x0000, 0x0000, 0x0000, 0x0000, 0x0000, 0x0000, 0x0000, 0x0000, 0x0000}, // Znak pusty
    {0x0000, 0x0000, 0x0000, 0x0000, 0x0000, 0x0000, 0x0000, 0x0000, 0x0000, 0x0000, 0x0000, 0x0000, 0x0000, 0x0000, 0x0000, 0x0000}, // Znak pusty
    {0x0000, 0x0000, 0x0000, 0x0000, 0x0000, 0x0000, 0x0000, 0x0000, 0x0000, 0x0000, 0x0000, 0x0000, 0x0000, 0x0000, 0x0000, 0x0000}, // Znak pusty
    {0x0000, 0x0000, 0x0000, 0x0000, 0x0000, 0x0000, 0x0000, 0x0000, 0x0000, 0x0000, 0x0000, 0x0000, 0x0000, 0x0000, 0x0000, 0x0000}, // Znak pusty
    {0x0000, 0x0000, 0x0000, 0x0000, 0x0000, 0x0000, 0x0000, 0x0000, 0x0000, 0x0000, 0x0000, 0x0000, 0x0000, 0x0000, 0x0000, 0x0000}, // Znak pusty
    {0x0000, 0x0000, 0x0000, 0x0000, 0x0000, 0x0000, 0x0000, 0x0000, 0x0000, 0x0000, 0x0000, 0x0000, 0x0000, 0x0000, 0x0000, 0x0000}, // Znak pusty
    {0x0000, 0x0000, 0x0000, 0x0000, 0x0000, 0x0000, 0x0000, 0x0000, 0x0000, 0x0000, 0x0000, 0x0000, 0x0000, 0x0000, 0x0000, 0x0000}, // Znak pusty
    {0x0000, 0x0000, 0x0000, 0x0000, 0x0000, 0x0000, 0x0000, 0x0000, 0x0000, 0x0000, 0x0000, 0x0000, 0x0000, 0x0000, 0x0000, 0x0000}, // Znak pusty
    {0x0000, 0x0000, 0x0000, 0x0000, 0x0000, 0x0000, 0x0000, 0x0000, 0x0000, 0x0000, 0x0000, 0x0000, 0x0000, 0x0000, 0x0000, 0x0000}, // Znak pusty
    {0x0000, 0x0000, 0x0000, 0x0000, 0x0000, 0x0000, 0x0000, 0x0000, 0x0000, 0x0000, 0x0000, 0x0000, 0x0000, 0x0000, 0x0000, 0x0000}, // Znak pusty
    {0x0000, 0x0000, 0x0000, 0x0000, 0x0000, 0x0000, 0x0000, 0x0000, 0x0000, 0x0000, 0x0000, 0x0000, 0x0000, 0x0000, 0x0000, 0x0000}, // Znak pusty
    {0x0000, 0x0000, 0x0000, 0x0000, 0x0000, 0x0000, 0x0000, 0x0000, 0x0000, 0x0000, 0x0000, 0x0000, 0x0000, 0x0000, 0x0000, 0x0000}, // Znak pusty
    {0x0000, 0x0000, 0x0000, 0x0000, 0x0000, 0x0000, 0x0000, 0x0000, 0x0000, 0x0000, 0x0000, 0x0000, 0x0000, 0x0000, 0x0000, 0x0000}, // Znak pusty
    {0x0000, 0x0000, 0x0000, 0x0000, 0x0000, 0x0000, 0x0000, 0x0000, 0x0000, 0x0000, 0x0000, 0x0000, 0x0000, 0x0000, 0x0000, 0x0000}, // Znak pusty
    {0x0000, 0x0000, 0x0000, 0x0000, 0x0000, 0x0000, 0x0000, 0x0000, 0x0000, 0x0000, 0x0000, 0x0000, 0x0000, 0x0000, 0x0000, 0x0000}, // Znak pusty
    {0x0000, 0x0000, 0x0000, 0x0000, 0x0000, 0x0000, 0x0000, 0x0000, 0x0000, 0x0000, 0x0000, 0x0000, 0x0000, 0x0000, 0x0000, 0x0000}, // Znak pusty
    {0x0000, 0x0000, 0x0000, 0x0000, 0x0000, 0x0000, 0x0000, 0x0000, 0x0000, 0x0000, 0x0000, 0x0000, 0x0000, 0x0000, 0x0000, 0x0000}, // Znak pusty
    {0x0000, 0x0000, 0x0000, 0x0000, 0x0000, 0x0000, 0x0000, 0x0000, 0x0000, 0x0000, 0x0000, 0x0000, 0x0000, 0x0000, 0x0000, 0x0000}, // Znak pusty
    {0x0000, 0x0000, 0x0000, 0x0000, 0x0000, 0x0000, 0x0000, 0x0000, 0x0000, 0x0000, 0x0000, 0x0000, 0x0000, 0x0000, 0x0000, 0x0000}, // Znak pusty
    {0x0000, 0x0000, 0x0000, 0x0000, 0x0000, 0x0000, 0x0000, 0x0000, 0x0000, 0x0000, 0x0000, 0x0000, 0x0000, 0x0000, 0x0000, 0x0000}, // Znak pusty
    {0x0000, 0x0000, 0x0000, 0x0000, 0x0000, 0x0000, 0x0000, 0x0000, 0x0000, 0x0000, 0x0000, 0x0000, 0x0000, 0x0000, 0x0000, 0x0000}, // Znak pusty
    {0x0000, 0x0000, 0x0000, 0x0000, 0x0000, 0x0000, 0x0000, 0x0000, 0x0000, 0x0000, 0x0000, 0x0000, 0x0000, 0x0000, 0x0000, 0x0000}, // Znak pusty
    {0x0000, 0x0000, 0x0000, 0x0000, 0x0000, 0x0000, 0x0000, 0x0000, 0x0000, 0x0000, 0x0000, 0x0000, 0x0000, 0x0000, 0x0000, 0x0000}, // Znak pusty
    {0x0000, 0x0000, 0x0000, 0x0000, 0x0000, 0x0000, 0x0000, 0x0000, 0x0000, 0x0000, 0x0000, 0x0000, 0x0000, 0x0000, 0x0000, 0x0000}, // Znak pusty
    {0x0000, 0x0000, 0x0000, 0x0000, 0x0000, 0x0000, 0x0000, 0x0000, 0x0000, 0x0000, 0x0000, 0x0000, 0x0000, 0x0000, 0x0000, 0x0000}, // Znak pusty
    {0x0000, 0x0000, 0x0000, 0x0000, 0x0000, 0x0000, 0x0000, 0x0000, 0x0000, 0x0000, 0x0000, 0x0000, 0x0000, 0x0000, 0x0000, 0x0000}, // Znak pusty
    {0x0000, 0x0000, 0x0000, 0x0000, 0x0000, 0x0000, 0x0000, 0x0000, 0x0000, 0x0000, 0x0000, 0x0000, 0x0000, 0x0000, 0x0000, 0x0000}, // Znak pusty
    {0x0000, 0x0000, 0x0000, 0x0000, 0x0000, 0x0000, 0x0000, 0x0000, 0x0000, 0x0000, 0x0000, 0x0000, 0x0000, 0x0000, 0x0000, 0x0000}, // Znak pusty
    {0x0000, 0x0000, 0x0000, 0x0000, 0x0000, 0x0000, 0x0000, 0x0000, 0x0000, 0x0000, 0x0000, 0x0000, 0x0000, 0x0000, 0x0000, 0x0000}, // Znak pusty
    {0x0000, 0x0000, 0x0000, 0x0000, 0x0000, 0x0000, 0x0000, 0x0000, 0x0000, 0x0000, 0x0000, 0x0000, 0x0000, 0x0000, 0x0000, 0x0000}, // Znak pusty
    {0x0000, 0x0000, 0x0000, 0x0000, 0x0000, 0x0000, 0x0000, 0x0000, 0x0000, 0x0000, 0x0000, 0x0000, 0x0000, 0x0000, 0x0000, 0x0000}, // Znak pusty
    {0x0000, 0x0000, 0x0000, 0x0000, 0x0000, 0x0000, 0x0000, 0x0000, 0x0000, 0x0000, 0x0000, 0x0000, 0x0000, 0x0000, 0x0000, 0x0000}, // Znak pusty
    {0x0000, 0x0000, 0x0000, 0x0000, 0x0000, 0x0000, 0x0000, 0x0000, 0x0000, 0x0000, 0x0000, 0x0000, 0x0000, 0x0000, 0x0000, 0x0000}, // Znak pusty
    {0x0000, 0x0000, 0x0000, 0x0000, 0x0000, 0x0000, 0x0000, 0x0000, 0x0000, 0x0000, 0x0000, 0x0000, 0x0000, 0x0000, 0x0000, 0x0000}, // Znak pusty
    {0x0000, 0x0000, 0x0000, 0x0000, 0x0000, 0x0000, 0x0000, 0x0000, 0x0000, 0x0000, 0x0000, 0x0000, 0x0000, 0x0000, 0x0000, 0x0000}, // Znak pusty
    {0x0000, 0x0000, 0x0000, 0x0000, 0x0000, 0x0000, 0x0000, 0x0000, 0x0000, 0x0000, 0x0000, 0x0000, 0x0000, 0x0000, 0x0000, 0x0000}, // Znak pusty
    {0x0000, 0x0000, 0x0000, 0x0000, 0x0000, 0x0000, 0x0000, 0x0000, 0x0000, 0x0000, 0x0000, 0x0000, 0x0000, 0x0000, 0x0000, 0x0000}, // Znak pusty
    {0x0000, 0x0000, 0x0000, 0x0000, 0x0000, 0x0000, 0x0000, 0x0000, 0x0000, 0x0000, 0x0000, 0x0000, 0x0000, 0x0000, 0x0000, 0x0000}, // Znak pusty
    {0x0000, 0x0000, 0x0000, 0x0000, 0x0000, 0x0000, 0x0000, 0x0000, 0x0000, 0x0000, 0x0000, 0x0000, 0x0000, 0x0000, 0x0000, 0x0000}, // Znak pusty
    {0x0000, 0x0000, 0x0000, 0x0000, 0x0000, 0x0000, 0x0000, 0x0000, 0x0000, 0x0000, 0x0000, 0x0000, 0x0000, 0x0000, 0x0000, 0x0000}, // Znak pusty
    {0x0000, 0x0000, 0x0000, 0x0000, 0x0000, 0x0000, 0x0000, 0x0000, 0x0000, 0x0000, 0x0000, 0x0000, 0x0000, 0x0000, 0x0000, 0x0000}, // Znak pusty
    {0x0000, 0x0000, 0x0000, 0x0000, 0x0000, 0x0000, 0x0000, 0x0000, 0x0000, 0x0000, 0x0000, 0x0000, 0x0000, 0x0000, 0x0000, 0x0000}, // Znak pusty
    {0x0000, 0x0000, 0x0000, 0x0000, 0x0000, 0x0000, 0x0000, 0x0000, 0x0000, 0x0000, 0x0000, 0x0000, 0x0000, 0x0000, 0x0000, 0x0000}, // Znak pusty
    {0x0000, 0x0000, 0x0000, 0x0000, 0x0000, 0x0000, 0x0000, 0x0000, 0x0000, 0x0000, 0x0000, 0x0000, 0x0000, 0x0000, 0x0000, 0x0000}, // Znak pusty
    {0x0000, 0x0000, 0x0000, 0x0000, 0x0000, 0x0000, 0x0000, 0x0000, 0x0000, 0x0000, 0x0000, 0x0000, 0x0000, 0x0000, 0x0000, 0x0000}, // Znak pusty
    {0x0000, 0x0000, 0x0000, 0x0000, 0x0000, 0x0000, 0x0000, 0x0000, 0x0000, 0x0000, 0x0000, 0x0000, 0x0000, 0x0000, 0x0000, 0x0000}, // Znak pusty
    {0x0000, 0x0000, 0x0000, 0x0000, 0x0000, 0x0000, 0x0000, 0x0000, 0x0000, 0x0000, 0x0000, 0x0000, 0x0000, 0x0000, 0x0000, 0x0000}, // Znak pusty
    {0x0000, 0x0000, 0x0000, 0x0000, 0x0000, 0x0000, 0x0000, 0x0000, 0x0000, 0x0000, 0x0000, 0x0000, 0x0000, 0x0000, 0x0000, 0x0000}, // Znak pusty
    {0x0000, 0x0000, 0x0000, 0x0000, 0x0000, 0x0000, 0x0000, 0x0000, 0x0000, 0x0000, 0x0000, 0x0000, 0x0000, 0x0000, 0x0000, 0x0000}, // Znak pusty
    {0x0000, 0x0000, 0x0000, 0x0000, 0x0000, 0x0000, 0x0000, 0x0000, 0x0000, 0x0000, 0x0000, 0x0000, 0x0000, 0x0000, 0x0000, 0x0000}, // Znak pusty
    {0x0000, 0x0000, 0x0000, 0x0000, 0x0000, 0x0000, 0x0000, 0x0000, 0x0000, 0x0000, 0x0000, 0x0000, 0x0000, 0x0000, 0x0000, 0x0000}, // Znak pusty
    {0x0000, 0x0000, 0x0000, 0x0000, 0x0000, 0x0000, 0x0000, 0x0000, 0x0000, 0x0000, 0x0000, 0x0000, 0x0000, 0x0000, 0x0000, 0x0000}, // Znak pusty
    {0x0000, 0x0000, 0x0000, 0x0000, 0x0000, 0x0000, 0x0000, 0x0000, 0x0000, 0x0000, 0x0000, 0x0000, 0x0000, 0x0000, 0x0000, 0x0000}, // Znak pusty
    {0x0000, 0x0000, 0x0000, 0x0000, 0x0000, 0x0000, 0x0000, 0x0000, 0x0000, 0x0000, 0x0000, 0x0000, 0x0000, 0x0000, 0x0000, 0x0000}, // Znak pusty
    {0x0000, 0x0000, 0x0000, 0x0000, 0x0000, 0x0000, 0x0000, 0x0000, 0x0000, 0x0000, 0x0000, 0x0000, 0x0000, 0x0000, 0x0000, 0x0000}, // Znak pusty
    {0x0000, 0x0000, 0x0000, 0x0000, 0x0000, 0x0000, 0x0000, 0x0000, 0x0000, 0x0000, 0x0000, 0x0000, 0x0000, 0x0000, 0x0000, 0x0000}, // Znak pusty
    {0x0000, 0x0000, 0x0000, 0x0000, 0x0000, 0x0000, 0x0000, 0x0000, 0x0000, 0x0000, 0x0000, 0x0000, 0x0000, 0x0000, 0x0000, 0x0000}, // Znak pusty
    {0x0000, 0x0000, 0x0000, 0x0000, 0x0000, 0x0000, 0x0000, 0x0000, 0x0000, 0x0000, 0x0000, 0x0000, 0x0000, 0x0000, 0x0000, 0x0000}, // Znak pusty
    {0x0000, 0x0000, 0x0000, 0x0000, 0x0000, 0x0000, 0x0000, 0x0000, 0x0000, 0x0000, 0x0000, 0x0000, 0x0000, 0x0000, 0x0000, 0x0000}, // Znak pusty
    {0x0000, 0x0000, 0x0000, 0x0000, 0x0000, 0x0000, 0x0000, 0x0000, 0x0000, 0x0000, 0x0000, 0x0000, 0x0000, 0x0000, 0x0000, 0x0000}, // Znak pusty
    {0x0000, 0x0000, 0x0000, 0x0000, 0x0000, 0x0000, 0x0000, 0x0000, 0x0000, 0x0000, 0x0000, 0x0000, 0x0000, 0x0000, 0x0000, 0x0000}, // Znak pusty
    {0x0000, 0x0000, 0x0000, 0x0000, 0x0000, 0x0000, 0x0000, 0x0000, 0x0000, 0x0000, 0x0000, 0x0000, 0x0000, 0x0000, 0x0000, 0x0000}, // Znak pusty
    {0x0000, 0x0000, 0x0000, 0x0000, 0x0000, 0x0000, 0x0000, 0x0000, 0x0000, 0x0000, 0x0000, 0x0000, 0x0000, 0x0000, 0x0000, 0x0000}, // Znak pusty
    {0x0000, 0x0000, 0x0000, 0x0000, 0x0000, 0x0000, 0x0000, 0x0000, 0x0000, 0x0000, 0x0000, 0x0000, 0x0000, 0x0000, 0x0000, 0x0000}, // Znak pusty
    {0x0000, 0x0000, 0x0000, 0x0000, 0x0000, 0x0000, 0x0000, 0x0000, 0x0000, 0x0000, 0x0000, 0x0000, 0x0000, 0x0000, 0x0000, 0x0000}, // Znak pusty
    {0x0000, 0x0000, 0x0000, 0x0000, 0x0000, 0x0000, 0x0000, 0x0000, 0x0000, 0x0000, 0x0000, 0x0000, 0x0000, 0x0000, 0x0000, 0x0000}, // Znak pusty
    {0x0000, 0x0000, 0x0000, 0x0000, 0x0000, 0x0000, 0x0000, 0x0000, 0x0000, 0x0000, 0x0000, 0x0000, 0x0000, 0x0000, 0x0000, 0x0000}, // Znak pusty
    {0x0000, 0x0000, 0x0000, 0x0000, 0x0000, 0x0000, 0x0000, 0x0000, 0x0000, 0x0000, 0x0000, 0x0000, 0x0000, 0x0000, 0x0000, 0x0000}, // Znak pusty
    {0x0000, 0x0000, 0x0000, 0x0000, 0x0000, 0x0000, 0x0000, 0x0000, 0x0000, 0x0000, 0x0000, 0x0000, 0x0000, 0x0000, 0x0000, 0x0000}, // Znak pusty
    {0x0000, 0x0000, 0x0000, 0x0000, 0x0000, 0x0000, 0x0000, 0x0000, 0x0000, 0x0000, 0x0000, 0x0000, 0x0000, 0x0000, 0x0000, 0x0000}, // Znak pusty
    {0x0000, 0x0000, 0x0000, 0x0000, 0x0000, 0x0000, 0x0000, 0x0000, 0x0000, 0x0000, 0x0000, 0x0000, 0x0000, 0x0000, 0x0000, 0x0000}, // Znak pusty
    {0x0000, 0x0000, 0x0000, 0x0000, 0x0000, 0x0000, 0x0000, 0x0000, 0x0000, 0x0000, 0x0000, 0x0000, 0x0000, 0x0000, 0x0000, 0x0000}, // Znak pusty
    {0x0000, 0x0000, 0x0000, 0x0000, 0x0000, 0x0000, 0x0000, 0x0000, 0x0000, 0x0000, 0x0000, 0x0000, 0x0000, 0x0000, 0x0000, 0x0000}, // Znak pusty
    {0x0000, 0x0000, 0x0000, 0x0000, 0x0000, 0x0000, 0x0000, 0x0000, 0x0000, 0x0000, 0x0000, 0x0000, 0x0000, 0x0000, 0x0000, 0x0000}, // Znak pusty
    {0x0000, 0x0000, 0x0000, 0x0000, 0x0000, 0x0000, 0x0000, 0x0000, 0x0000, 0x0000, 0x0000, 0x0000, 0x0000, 0x0000, 0x0000, 0x0000}, // Znak pusty
    {0x0000, 0x0000, 0x0000, 0x0000, 0x0000, 0x0000, 0x0000, 0x0000, 0x0000, 0x0000, 0x0000, 0x0000, 0x0000, 0x0000, 0x0000, 0x0000}, // Znak pusty
    {0x0000, 0x0000, 0x0000, 0x0000, 0x0000, 0x0000, 0x0000, 0x0000, 0x0000, 0x0000, 0x0000, 0x0000, 0x0000, 0x0000, 0x0000, 0x0000}, // Znak pusty
    {0x0000, 0x0000, 0x0000, 0x0000, 0x0000, 0x0000, 0x0000, 0x0000, 0x0000, 0x0000, 0x0000, 0x0000, 0x0000, 0x0000, 0x0000, 0x0000}, // Znak pusty
    {0x0000, 0x0000, 0x0000, 0x0000, 0x0000, 0x0000, 0x0000, 0x0000, 0x0000, 0x0000, 0x0000, 0x0000, 0x0000, 0x0000, 0x0000, 0x0000}, // Znak pusty
    {0x0000, 0x0000, 0x0000, 0x0000, 0x0000, 0x0000, 0x0000, 0x0000, 0x0000, 0x0000, 0x0000, 0x0000, 0x0000, 0x0000, 0x0000, 0x0000}, // Znak pusty
    {0x0000, 0x0000, 0x0000, 0x0000, 0x0000, 0x0000, 0x0000, 0x0000, 0x0000, 0x0000, 0x0000, 0x0000, 0x0000, 0x0000, 0x0000, 0x0000}, // Znak pusty
    {0x0000, 0x0000, 0x0000, 0x0000, 0x0000, 0x0000, 0x0000, 0x0000, 0x0000, 0x0000, 0x0000, 0x0000, 0x0000, 0x0000, 0x0000, 0x0000}, // Znak pusty
    {0x0000, 0x0000, 0x0000, 0x0000, 0x0000, 0x0000, 0x0000, 0x0000, 0x0000, 0x0000, 0x0000, 0x0000, 0x0000, 0x0000, 0x0000, 0x0000}, // Znak pusty
    {0x0000, 0x0000, 0x0000, 0x0000, 0x0000, 0x0000, 0x0000, 0x0000, 0x0000, 0x0000, 0x0000, 0x0000, 0x0000, 0x0000, 0x0000, 0x0000}, // Znak pusty
    {0x0000, 0x0000, 0x0000, 0x0000, 0x0000, 0x0000, 0x0000, 0x0000, 0x0000, 0x0000, 0x0000, 0x0000, 0x0000, 0x0000, 0x0000, 0x0000}, // Znak pusty
    {0x0000, 0x0000, 0x0000, 0x0000, 0x0000, 0x0000, 0x0000, 0x0000, 0x0000, 0x0000, 0x0000, 0x0000, 0x0000, 0x0000, 0x0000, 0x0000}, // Znak pusty
    {0x0000, 0x0000, 0x0000, 0x0000, 0x0000, 0x0000, 0x0000, 0x0000, 0x0000, 0x0000, 0x0000, 0x0000, 0x0000, 0x0000, 0x0000, 0x0000}, // Znak pusty
    {0x0000, 0x0000, 0x0000, 0x0000, 0x0000, 0x0000, 0x0000, 0x0000, 0x0000, 0x0000, 0x0000, 0x0000, 0x0000, 0x0000, 0x0000, 0x0000}, // Znak pusty
    {0x0000, 0x0000, 0x0000, 0x0000, 0x0000, 0x0000, 0x0000, 0x0000, 0x0000, 0x0000, 0x0000, 0x0000, 0x0000, 0x0000, 0x0000, 0x0000}, // Znak pusty
    {0x0000, 0x0000, 0x0000, 0x0000, 0x0000, 0x0000, 0x0000, 0x0000, 0x0000, 0x0000, 0x0000, 0x0000, 0x0000, 0x0000, 0x0000, 0x0000}, // Znak pusty
    {0x0000, 0x0000, 0x0000, 0x0000, 0x0000, 0x0000, 0x0000, 0x0000, 0x0000, 0x0000, 0x0000, 0x0000, 0x0000, 0x0000, 0x0000, 0x0000}, // Znak pusty
    {0x0000, 0x0000, 0x0000, 0x0000, 0x0000, 0x0000, 0x0000, 0x0000, 0x0000, 0x0000, 0x0000, 0x0000, 0x0000, 0x0000, 0x0000, 0x0000}, // Znak pusty
    {0x0000, 0x0000, 0x0000, 0x0000, 0x0000, 0x0000, 0x0000, 0x0000, 0x0000, 0x0000, 0x0000, 0x0000, 0x0000, 0x0000, 0x0000, 0x0000}, // Znak pusty
    {0x0000, 0x0000, 0x0000, 0x0000, 0x0000, 0x0000, 0x0000, 0x0000, 0x0000, 0x0000, 0x0000, 0x0000, 0x0000, 0x0000, 0x0000, 0x0000}, // Znak pusty
    {0x0000, 0x0000, 0x0000, 0x0000, 0x0000, 0x0000, 0x0000, 0x0000, 0x0000, 0x0000, 0x0000, 0x0000, 0x0000, 0x0000, 0x0000, 0x0000}, // Znak pusty
    {0x0000, 0x0000, 0x0000, 0x0000, 0x0000, 0x0000, 0x0000, 0x0000, 0x0000, 0x0000, 0x0000, 0x0000, 0x0000, 0x0000, 0x0000, 0x0000}, // Znak pusty
    {0x0000, 0x0000, 0x0000, 0x0000, 0x0000, 0x0000, 0x0000, 0x0000, 0x0000, 0x0000, 0x0000, 0x0000, 0x0000, 0x0000, 0x0000, 0x0000}, // Znak pusty
    {0x0000, 0x0000, 0x0000, 0x0000, 0x0000, 0x0000, 0x0000, 0x0000, 0x0000, 0x0000, 0x0000, 0x0000, 0x0000, 0x0000, 0x0000, 0x0000}, // Znak pusty
    {0x0000, 0x0000, 0x0000, 0x0000, 0x0000, 0x0000, 0x0000, 0x0000, 0x0000, 0x0000, 0x0000, 0x0000, 0x0000, 0x0000, 0x0000, 0x0000}, // Znak pusty
    {0x0000, 0x0000, 0x0000, 0x0000, 0x0000, 0x0000, 0x0000, 0x0000, 0x0000, 0x0000, 0x0000, 0x0000, 0x0000, 0x0000, 0x0000, 0x0000}, // Znak pusty
    {0x0000, 0x0000, 0x0000, 0x0000, 0x0000, 0x0000, 0x0000, 0x0000, 0x0000, 0x0000, 0x0000, 0x0000, 0x0000, 0x0000, 0x0000, 0x0000}, // Znak pusty
    {0x0000, 0x0000, 0x0000, 0x0000, 0x0000, 0x0000, 0x0000, 0x0000, 0x0000, 0x0000, 0x0000, 0x0000, 0x0000, 0x0000, 0x0000, 0x0000}, // Znak pusty
    {0x0000, 0x0000, 0x0000, 0x0000, 0x0000, 0x0000, 0x0000, 0x0000, 0x0000, 0x0000, 0x0000, 0x0000, 0x0000, 0x0000, 0x0000, 0x0000}, // Znak pusty
    {0x0000, 0x0000, 0x0000, 0x0000, 0x0000, 0x0000, 0x0000, 0x0000, 0x0000, 0x0000, 0x0000, 0x0000, 0x0000, 0x0000, 0x0000, 0x0000}, // Znak pusty
    {0x0000, 0x0000, 0x0000, 0x0000, 0x0000, 0x0000, 0x0000, 0x0000, 0x0000, 0x0000, 0x0000, 0x0000, 0x0000, 0x0000, 0x0000, 0x0000}, // Znak pusty
    {0x0000, 0x0000, 0x0000, 0x0000, 0x0000, 0x0000, 0x0000, 0x0000, 0x0000, 0x0000, 0x0000, 0x0000, 0x0000, 0x0000, 0x0000, 0x0000}, // Znak pusty
    {0x0000, 0x0000, 0x0000, 0x0000, 0x0000, 0x0000, 0x0000, 0x0000, 0x0000, 0x0000, 0x0000, 0x0000, 0x0000, 0x0000, 0x0000, 0x0000}, // Znak pusty
    {0x0000, 0x0000, 0x0000, 0x0000, 0x0000, 0x0000, 0x0000, 0x0000, 0x0000, 0x0000, 0x0000, 0x0000, 0x0000, 0x0000, 0x0000, 0x0000}, // Znak pusty
    {0x0000, 0x0000, 0x0000, 0x0000, 0x0000, 0x0000, 0x0000, 0x0000, 0x0000, 0x0000, 0x0000, 0x0000, 0x0000, 0x0000, 0x0000, 0x0000}, // Znak pusty
    {0x0000, 0x0000, 0x0000, 0x0000, 0x0000, 0x0000, 0x0000, 0x0000, 0x0000, 0x0000, 0x0000, 0x0000, 0x0000, 0x0000, 0x0000, 0x0000}, // Znak pusty
    {0x0000, 0x0000, 0x0000, 0x0000, 0x0000, 0x0000, 0x0000, 0x0000, 0x0000, 0x0000, 0x0000, 0x0000, 0x0000, 0x0000, 0x0000, 0x0000}, // Znak pusty
    {0x0000, 0x0000, 0x0000, 0x0000, 0x0000, 0x0000, 0x0000, 0x0000, 0x0000, 0x0000, 0x0000, 0x0000, 0x0000, 0x0000, 0x0000, 0x0000}, // Znak pusty
    {0x0000, 0x0000, 0x0000, 0x0000, 0x0000, 0x0000, 0x0000, 0x0000, 0x0000, 0x0000, 0x0000, 0x0000, 0x0000, 0x0000, 0x0000, 0x0000}, // Znak pusty
    {0x0000, 0x0000, 0x0000, 0x0000, 0x0000, 0x0000, 0x0000, 0x0000, 0x0000, 0x0000, 0x0000, 0x0000, 0x0000, 0x0000, 0x0000, 0x0000}, // Znak pusty
    {0x0000, 0x0000, 0x0000, 0x0000, 0x0000, 0x0000, 0x0000, 0x0000, 0x0000, 0x0000, 0x0000, 0x0000, 0x0000, 0x0000, 0x0000, 0x0000}, // Znak pusty
    {0x0000, 0x0000, 0x0000, 0x0000, 0x0000, 0x0000, 0x0000, 0x0000, 0x0000, 0x0000, 0x0000, 0x0000, 0x0000, 0x0000, 0x0000, 0x0000}, // Znak pusty
    {0x0000, 0x0000, 0x0000, 0x0000, 0x0000, 0x0000, 0x0000, 0x0000, 0x0000, 0x0000, 0x0000, 0x0000, 0x0000, 0x0000, 0x0000, 0x0000}, // Znak pusty
    {0x0000, 0x0000, 0x0000, 0x0000, 0x0000, 0x0000, 0x0000, 0x0000, 0x0000, 0x0000, 0x0000, 0x0000, 0x0000, 0x0000, 0x0000, 0x0000}, // Znak pusty
    {0x0000, 0x0000, 0x0000, 0x0000, 0x0000, 0x0000, 0x0000, 0x0000, 0x0000, 0x0000, 0x0000, 0x0000, 0x0000, 0x0000, 0x0000, 0x0000}, // Znak pusty
    {0x0000, 0x0000, 0x0000, 0x0000, 0x0000, 0x0000, 0x0000, 0x0000, 0x0000, 0x0000, 0x0000, 0x0000, 0x0000, 0x0000, 0x0000, 0x0000}, // Znak pusty
    {0x0000, 0x0000, 0x0000, 0x0000, 0x0000, 0x0000, 0x0000, 0x0000, 0x0000, 0x0000, 0x0000, 0x0000, 0x0000, 0x0000, 0x0000, 0x0000}, // Znak pusty
    {0x0000, 0x0000, 0x0000, 0x0000, 0x0000, 0x0000, 0x0000, 0x0000, 0x0000, 0x0000, 0x0000, 0x0000, 0x0000, 0x0000, 0x0000, 0x0000}, // Znak pusty
    {0x0000, 0x0000, 0x0000, 0x0000, 0x0000, 0x0000, 0x0000, 0x0000, 0x0000, 0x0000, 0x0000, 0x0000, 0x0000, 0x0000, 0x0000, 0x0000}, // Znak pusty
    {0x0000, 0x0000, 0x0000, 0x0000, 0x0000, 0x0000, 0x0000, 0x0000, 0x0000, 0x0000, 0x0000, 0x0000, 0x0000, 0x0000, 0x0000, 0x0000}, // Znak pusty
    {0x0000, 0x0000, 0x0000, 0x0000, 0x0000, 0x0000, 0x0000, 0x0000, 0x0000, 0x0000, 0x0000, 0x0000, 0x0000, 0x0000, 0x0000, 0x0000}, // Znak pusty
    {0x0000, 0x0000, 0x0000, 0x0000, 0x0000, 0x0000, 0x0000, 0x0000, 0x0000, 0x0000, 0x0000, 0x0000, 0x0000, 0x0000, 0x0000, 0x0000}, // Znak pusty
    {0x0000, 0x0000, 0x0000, 0x0000, 0x0000, 0x0000, 0x0000, 0x0000, 0x0000, 0x0000, 0x0000, 0x0000, 0x0000, 0x0000, 0x0000, 0x0000}, // Znak pusty
    {0x0000, 0x0000, 0x0000, 0x0000, 0x0000, 0x0000, 0x0000, 0x0000, 0x0000, 0x0000, 0x0000, 0x0000, 0x0000, 0x0000, 0x0000, 0x0000}, // Znak pusty
    {0x0000, 0x0000, 0x0000, 0x0000, 0x0000, 0x0000, 0x0000, 0x0000, 0x0000, 0x0000, 0x0000, 0x0000, 0x0000, 0x0000, 0x0000, 0x0000}, // Znak pusty
    {0x0000, 0x0000, 0x0000, 0x0000, 0x0000, 0x0000, 0x0000, 0x0000, 0x0000, 0x0000, 0x0000, 0x0000, 0x0000, 0x0000, 0x0000, 0x0000}, // Znak pusty
    {0x0000, 0x0000, 0x0000, 0x0000, 0x0000, 0x0000, 0x0000, 0x0000, 0x0000, 0x0000, 0x0000, 0x0000, 0x0000, 0x0000, 0x0000, 0x0000}, // Znak pusty
    {0x0000, 0x0000, 0x0000, 0x0000, 0x0000, 0x0000, 0x0000, 0x0000, 0x0000, 0x0000, 0x0000, 0x0000, 0x0000, 0x0000, 0x0000, 0x0000}, // Znak pusty
    {0x0000, 0x0000, 0x0000, 0x0000, 0x0000, 0x0000, 0x0000, 0x0000, 0x0000, 0x0000, 0x0000, 0x0000, 0x0000, 0x0000, 0x0000, 0x0000}, // Znak pusty
    {0x0000, 0x0000, 0x0000, 0x0000, 0x0000, 0x0000, 0x0000, 0x0000, 0x0000, 0x0000, 0x0000, 0x0000, 0x0000, 0x0000, 0x0000, 0x0000}, // Znak pusty
    {0x0000, 0x0000, 0x0000, 0x0000, 0x0000, 0x0000, 0x0000, 0x0000, 0x0000, 0x0000, 0x0000, 0x0000, 0x0000, 0x0000, 0x0000, 0x0000}, // Znak pusty
    {0x0000, 0x0000, 0x0000, 0x0000, 0x0000, 0x0000, 0x0000, 0x0000, 0x0000, 0x0000, 0x0000, 0x0000, 0x0000, 0x0000, 0x0000, 0x0000}, // Znak pusty
    {0x0000, 0x0000, 0x0000, 0x0000, 0x0000, 0x0000, 0x0000, 0x0000, 0x0000, 0x0000, 0x0000, 0x0000, 0x0000, 0x0000, 0x0000, 0x0000}, // Znak pusty
    {0x0000, 0x0000, 0x0000, 0x0000, 0x0000, 0x0000, 0x0000, 0x0000, 0x0000, 0x0000, 0x0000, 0x0000, 0x0000, 0x0000, 0x0000, 0x0000}, // Znak pusty
    {0x0000, 0x0000, 0x0000, 0x0000, 0x0000, 0x0000, 0x0000, 0x0000, 0x0000, 0x0000, 0x0000, 0x0000, 0x0000, 0x0000, 0x0000, 0x0000}, // Znak pusty
    {0x0000, 0x0000, 0x0000, 0x0000, 0x0000, 0x0000, 0x0000, 0x0000, 0x0000, 0x0000, 0x0000, 0x0000, 0x0000, 0x0000, 0x0000, 0x0000}, // Znak pusty
    {0x0000, 0x0000, 0x0000, 0x0000, 0x0000, 0x0000, 0x0000, 0x0000, 0x0000, 0x0000, 0x0000, 0x0000, 0x0000, 0x0000, 0x0000, 0x0000}, // Znak pusty
    {0x0000, 0x0000, 0x0000, 0x0000, 0x0000, 0x0000, 0x0000, 0x0000, 0x0000, 0x0000, 0x0000, 0x0000, 0x0000, 0x0000, 0x0000, 0x0000}, // Znak pusty
    {0x0000, 0x0000, 0x0000, 0x0000, 0x0000, 0x0000, 0x0000, 0x0000, 0x0000, 0x0000, 0x0000, 0x0000, 0x0000, 0x0000, 0x0000, 0x0000}, // Znak pusty
    {0x0000, 0x0000, 0x0000, 0x0000, 0x0000, 0x0000, 0x0000, 0x0000, 0x0000, 0x0000, 0x0000, 0x0000, 0x0000, 0x0000, 0x0000, 0x0000}, // Znak pusty
    {0x0000, 0x0000, 0x0000, 0x0000, 0x0000, 0x0000, 0x0000, 0x0000, 0x0000, 0x0000, 0x0000, 0x0000, 0x0000, 0x0000, 0x0000, 0x0000}, // Znak pusty
    {0x0000, 0x0000, 0x0000, 0x0000, 0x0000, 0x0000, 0x0000, 0x0000, 0x0000, 0x0000, 0x0000, 0x0000, 0x0000, 0x0000, 0x0000, 0x0000}, // Znak pusty
    {0x0000, 0x0000, 0x0000, 0x0000, 0x0000, 0x0000, 0x0000, 0x0000, 0x0000, 0x0000, 0x0000, 0x0000, 0x0000, 0x0000, 0x0000, 0x0000}, // Znak pusty
    {0x0000, 0x0000, 0x0000, 0x0000, 0x0000, 0x0000, 0x0000, 0x0000, 0x0000, 0x0000, 0x0000, 0x0000, 0x0000, 0x0000, 0x0000, 0x0000}, // Znak pusty
    {0x0000, 0x0000, 0x0000, 0x0000, 0x0000, 0x0000, 0x0000, 0x0000, 0x0000, 0x0000, 0x0000, 0x0000, 0x0000, 0x0000, 0x0000, 0x0000}, // Znak pusty
    {0x0000, 0x0000, 0x0000, 0x0000, 0x0000, 0x0000, 0x0000, 0x0000, 0x0000, 0x0000, 0x0000, 0x0000, 0x0000, 0x0000, 0x0000, 0x0000}, // Znak pusty
    {0x0000, 0x0000, 0x0000, 0x0000, 0x0000, 0x0000, 0x0000, 0x0000, 0x0000, 0x0000, 0x0000, 0x0000, 0x0000, 0x0000, 0x0000, 0x0000}, // Znak pusty
    {0x0000, 0x0000, 0x0000, 0x0000, 0x0000, 0x0000, 0x0000, 0x0000, 0x0000, 0x0000, 0x0000, 0x0000, 0x0000, 0x0000, 0x0000, 0x0000}, // Znak pusty
    {0x0000, 0x0000, 0x0000, 0x0000, 0x0000, 0x0000, 0x0000, 0x0000, 0x0000, 0x0000, 0x0000, 0x0000, 0x0000, 0x0000, 0x0000, 0x0000}, // Znak pusty
    {0x0000, 0x0000, 0x0000, 0x0000, 0x0000, 0x0000, 0x0000, 0x0000, 0x0000, 0x0000, 0x0000, 0x0000, 0x0000, 0x0000, 0x0000, 0x0000}, // Znak pusty
    {0x0000, 0x0000, 0x0000, 0x0000, 0x0000, 0x0000, 0x0000, 0x0000, 0x0000, 0x0000, 0x0000, 0x0000, 0x0000, 0x0000, 0x0000, 0x0000}, // Znak pusty
    {0x0000, 0x0000, 0x0000, 0x0000, 0x0000, 0x0000, 0x0000, 0x0000, 0x0000, 0x0000, 0x0000, 0x0000, 0x0000, 0x0000, 0x0000, 0x0000}, // Znak pusty
    {0x0000, 0x0000, 0x0000, 0x0000, 0x0000, 0x0000, 0x0000, 0x0000, 0x0000, 0x0000, 0x0000, 0x0000, 0x0000, 0x0000, 0x0000, 0x0000}, // Znak pusty
    {0x0000, 0x0000, 0x0000, 0x0000, 0x0000, 0x0000, 0x0000, 0x0000, 0x0000, 0x0000, 0x0000, 0x0000, 0x0000, 0x0000, 0x0000, 0x0000}, // Znak pusty
    {0x0000, 0x0000, 0x0000, 0x0000, 0x0000, 0x0000, 0x0000, 0x0000, 0x0000, 0x0000, 0x0000, 0x0000, 0x0000, 0x0000, 0x0000, 0x0000}, // Znak pusty
    {0x0000, 0x0000, 0x0000, 0x0000, 0x0000, 0x0000, 0x0000, 0x0000, 0x0000, 0x0000, 0x0000, 0x0000, 0x0000, 0x0000, 0x0000, 0x0000}, // Znak pusty
    {0x0000, 0x0000, 0x0000, 0x0000, 0x0000, 0x0000, 0x0000, 0x0000, 0x0000, 0x0000, 0x0000, 0x0000, 0x0000, 0x0000, 0x0000, 0x0000}, // Znak pusty
    {0x0000, 0x0000, 0x0000, 0x0000, 0x0000, 0x0000, 0x0000, 0x0000, 0x0000, 0x0000, 0x0000, 0x0000, 0x0000, 0x0000, 0x0000, 0x0000}, // Znak pusty
    {0x0000, 0x0000, 0x0000, 0x0000, 0x0000, 0x0000, 0x0000, 0x0000, 0x0000, 0x0000, 0x0000, 0x0000, 0x0000, 0x0000, 0x0000, 0x0000}, // Znak pusty
    {0x0000, 0x0000, 0x0000, 0x0000, 0x0000, 0x0000, 0x0000, 0x0000, 0x0000, 0x0000, 0x0000, 0x0000, 0x0000, 0x0000, 0x0000, 0x0000}, // Znak pusty
    {0x0000, 0x0000, 0x0000, 0x0000, 0x0000, 0x0000, 0x0000, 0x0000, 0x0000, 0x0000, 0x0000, 0x0000, 0x0000, 0x0000, 0x0000, 0x0000}, // Znak pusty
    {0x0000, 0x0000, 0x0000, 0x0000, 0x0000, 0x0000, 0x0000, 0x0000, 0x0000, 0x0000, 0x0000, 0x0000, 0x0000, 0x0000, 0x0000, 0x0000}, // Znak pusty
    {0x0000, 0x0000, 0x0000, 0x0000, 0x0000, 0x0000, 0x0000, 0x0000, 0x0000, 0x0000, 0x0000, 0x0000, 0x0000, 0x0000, 0x0000, 0x0000}, // Znak pusty
    {0x0000, 0x0000, 0x0000, 0x0000, 0x0000, 0x0000, 0x0000, 0x0000, 0x0000, 0x0000, 0x0000, 0x0000, 0x0000, 0x0000, 0x0000, 0x0000}, // Znak pusty
    {0x0000, 0x0000, 0x0000, 0x0000, 0x0000, 0x0000, 0x0000, 0x0000, 0x0000, 0x0000, 0x0000, 0x0000, 0x0000, 0x0000, 0x0000, 0x0000}, // Znak pusty
    {0x0000, 0x0000, 0x0000, 0x0000, 0x0000, 0x0000, 0x0000, 0x0000, 0x0000, 0x0000, 0x0000, 0x0000, 0x0000, 0x0000, 0x0000, 0x0000}, // Znak pusty
    {0x0000, 0x0000, 0x0000, 0x0000, 0x0000, 0x0000, 0x0000, 0x0000, 0x0000, 0x0000, 0x0000, 0x0000, 0x0000, 0x0000, 0x0000, 0x0000}, // Znak pusty
    {0x0000, 0x0000, 0x0000, 0x0000, 0x0000, 0x0000, 0x0000, 0x0000, 0x0000, 0x0000, 0x0000, 0x0000, 0x0000, 0x0000, 0x0000, 0x0000}, // Znak pusty
    {0x0000, 0x0000, 0x0000, 0x0000, 0x0000, 0x0000, 0x0000, 0x0000, 0x0000, 0x0000, 0x0000, 0x0000, 0x0000, 0x0000, 0x0000, 0x0000}, // Znak pusty
    {0x0000, 0x0000, 0x0000, 0x0000, 0x0000, 0x0000, 0x0000, 0x0000, 0x0000, 0x0000, 0x0000, 0x0000, 0x0000, 0x0000, 0x0000, 0x0000}, // Znak pusty
    {0x0000, 0x0000, 0x0000, 0x0000, 0x0000, 0x0000, 0x0000, 0x0000, 0x0000, 0x0000, 0x0000, 0x0000, 0x0000, 0x0000, 0x0000, 0x0000}, // Znak pusty
    {0x0000, 0x0000, 0x0000, 0x0000, 0x0000, 0x0000, 0x0000, 0x0000, 0x0000, 0x0000, 0x0000, 0x0000, 0x0000, 0x0000, 0x0000, 0x0000}, // Znak pusty
    {0x0000, 0x0000, 0x0000, 0x0000, 0x0000, 0x0000, 0x0000, 0x0000, 0x0000, 0x0000, 0x0000, 0x0000, 0x0000, 0x0000, 0x0000, 0x0000}, // Znak pusty
    {0x0000, 0x0000, 0x0000, 0x0000, 0x0000, 0x0000, 0x0000, 0x0000, 0x0000, 0x0000, 0x0000, 0x0000, 0x0000, 0x0000, 0x0000, 0x0000}, // Znak pusty
    {0x0000, 0x0000, 0x0000, 0x0000, 0x0000, 0x0000, 0x0000, 0x0000, 0x0000, 0x0000, 0x0000, 0x0000, 0x0000, 0x0000, 0x0000, 0x0000}, // Znak pusty
    {0x0000, 0x0000, 0x0000, 0x0000, 0x0000, 0x0000, 0x0000, 0x0000, 0x0000, 0x0000, 0x0000, 0x0000, 0x0000, 0x0000, 0x0000, 0x0000}, // Znak pusty
    {0x0000, 0x0000, 0x0000, 0x0000, 0x0000, 0x0000, 0x0000, 0x0000, 0x0000, 0x0000, 0x0000, 0x0000, 0x0000, 0x0000, 0x0000, 0x0000}, // Znak pusty
    {0x0000, 0x0000, 0x0000, 0x0000, 0x0000, 0x0000, 0x0000, 0x0000, 0x0000, 0x0000, 0x0000, 0x0000, 0x0000, 0x0000, 0x0000, 0x0000}, // Znak pusty
    {0x0000, 0x0000, 0x0000, 0x0000, 0x0000, 0x0000, 0x0000, 0x0000, 0x0000, 0x0000, 0x0000, 0x0000, 0x0000, 0x0000, 0x0000, 0x0000}, // Znak pusty
    {0x0000, 0x0000, 0x0000, 0x0000, 0x0000, 0x0000, 0x0000, 0x0000, 0x0000, 0x0000, 0x0000, 0x0000, 0x0000, 0x0000, 0x0000, 0x0000}, // Znak pusty
    {0x0000, 0x0000, 0x0000, 0x0000, 0x0000, 0x0000, 0x0000, 0x0000, 0x0000, 0x0000, 0x0000, 0x0000, 0x0000, 0x0000, 0x0000, 0x0000}, // Znak pusty
    {0x0000, 0x0000, 0x0000, 0x0000, 0x0000, 0x0000, 0x0000, 0x0000, 0x0000, 0x0000, 0x0000, 0x0000, 0x0000, 0x0000, 0x0000, 0x0000}, // Znak pusty
    {0x0000, 0x0000, 0x0000, 0x0000, 0x0000, 0x0000, 0x0000, 0x0000, 0x0000, 0x0000, 0x0000, 0x0000, 0x0000, 0x0000, 0x0000, 0x0000}, // Znak pusty
    {0x0000, 0x0000, 0x0000, 0x0000, 0x0000, 0x0000, 0x0000, 0x0000, 0x0000, 0x0000, 0x0000, 0x0000, 0x0000, 0x0000, 0x0000, 0x0000}, // Znak pusty
    {0x0000, 0x0000, 0x0000, 0x0000, 0x0000, 0x0000, 0x0000, 0x0000, 0x0000, 0x0000, 0x0000, 0x0000, 0x0000, 0x0000, 0x0000, 0x0000}, // Znak pusty
    {0x0000, 0x0000, 0x0000, 0x0000, 0x0000, 0x0000, 0x0000, 0x0000, 0x0000, 0x0000, 0x0000, 0x0000, 0x0000, 0x0000, 0x0000, 0x0000}, // Znak pusty
    {0x0000, 0x0000, 0x0000, 0x0000, 0x0000, 0x0000, 0x0000, 0x0000, 0x0000, 0x0000, 0x0000, 0x0000, 0x0000, 0x0000, 0x0000, 0x0000}, // Znak pusty
    {0x0000, 0x0000, 0x0000, 0x0000, 0x0000, 0x0000, 0x0000, 0x0000, 0x0000, 0x0000, 0x0000, 0x0000, 0x0000, 0x0000, 0x0000, 0x0000}, // Znak pusty
    {0x0000, 0x0000, 0x0000, 0x0000, 0x0000, 0x0000, 0x0000, 0x0000, 0x0000, 0x0000, 0x0000, 0x0000, 0x0000, 0x0000, 0x0000, 0x0000}, // Znak pusty
    {0x0000, 0x0000, 0x0000, 0x0000, 0x0000, 0x0000, 0x0000, 0x0000, 0x0000, 0x0000, 0x0000, 0x0000, 0x0000, 0x0000, 0x0000, 0x0000}, // Znak pusty
    {0x0000, 0x0000, 0x0000, 0x0000, 0x0000, 0x0000, 0x0000, 0x0000, 0x0000, 0x0000, 0x0000, 0x0000, 0x0000, 0x0000, 0x0000, 0x0000}, // Znak pusty
    {0x0000, 0x0000, 0x0000, 0x0000, 0x0000, 0x0000, 0x0000, 0x0000, 0x0000, 0x0000, 0x0000, 0x0000, 0x0000, 0x0000, 0x0000, 0x0000}, // Znak pusty
    {0x0000, 0x0000, 0x0000, 0x0000, 0x0000, 0x0000, 0x0000, 0x0000, 0x0000, 0x0000, 0x0000, 0x0000, 0x0000, 0x0000, 0x0000, 0x0000}, // Znak pusty
    {0x0000, 0x0000, 0x0000, 0x0000, 0x0000, 0x0000, 0x0000, 0x0000, 0x0000, 0x0000, 0x0000, 0x0000, 0x0000, 0x0000, 0x0000, 0x0000}, // Znak pusty
    {0x0000, 0x0000, 0x0000, 0x0000, 0x0000, 0x0000, 0x0000, 0x0000, 0x0000, 0x0000, 0x0000, 0x0000, 0x0000, 0x0000, 0x0000, 0x0000}, // Znak pusty
    {0x0000, 0x0000, 0x0000, 0x0000, 0x0000, 0x0000, 0x0000, 0x0000, 0x0000, 0x0000, 0x0000, 0x0000, 0x0000, 0x0000, 0x0000, 0x0000}, // Znak pusty
    {0x0000, 0x0000, 0x0000, 0x0000, 0x0000, 0x0000, 0x0000, 0x0000, 0x0000, 0x0000, 0x0000, 0x0000, 0x0000, 0x0000, 0x0000, 0x0000}, // Znak pusty
    {0x0000, 0x0000, 0x0000, 0x0000, 0x0000, 0x0000, 0x0000, 0x0000, 0x0000, 0x0000, 0x0000, 0x0000, 0x0000, 0x0000, 0x0000, 0x0000}, // Znak pusty
    {0x0000, 0x0000, 0x0000, 0x0000, 0x0000, 0x0000, 0x0000, 0x0000, 0x0000, 0x0000, 0x0000, 0x0000, 0x0000, 0x0000, 0x0000, 0x0000}, // Znak pusty
    {0x0000, 0x0000, 0x0000, 0x0000, 0x0000, 0x0000, 0x0000, 0x0000, 0x0000, 0x0000, 0x0000, 0x0000, 0x0000, 0x0000, 0x0000, 0x0000}, // Znak pusty
    {0x0000, 0x0000, 0x0000, 0x0000, 0x0000, 0x0000, 0x0000, 0x0000, 0x0000, 0x0000, 0x0000, 0x0000, 0x0000, 0x0000, 0x0000, 0x0000}, // Znak pusty
    {0x0000, 0x0000, 0x0000, 0x0000, 0x0000, 0x0000, 0x0000, 0x0000, 0x0000, 0x0000, 0x0000, 0x0000, 0x0000, 0x0000, 0x0000, 0x0000}, // Znak pusty
    {0x0000, 0x0000, 0x0000, 0x0000, 0x0000, 0x0000, 0x0000, 0x0000, 0x0000, 0x0000, 0x0000, 0x0000, 0x0000, 0x0000, 0x0000, 0x0000}, // Znak pusty
    {0x0000, 0x0000, 0x0000, 0x0000, 0x0000, 0x0000, 0x0000, 0x0000, 0x0000, 0x0000, 0x0000, 0x0000, 0x0000, 0x0000, 0x0000, 0x0000}, // Znak pusty
    {0x0000, 0x0000, 0x0000, 0x0000, 0x0000, 0x0000, 0x0000, 0x0000, 0x0000, 0x0000, 0x0000, 0x0000, 0x0000, 0x0000, 0x0000, 0x0000}, // Znak pusty
    {0x0000, 0x0000, 0x0000, 0x0000, 0x0000, 0x0000, 0x0000, 0x0000, 0x0000, 0x0000, 0x0000, 0x0000, 0x0000, 0x0000, 0x0000, 0x0000}, // Znak pusty
    {0x0000, 0x0000, 0x0000, 0x0000, 0x0000, 0x0000, 0x0000, 0x0000, 0x0000, 0x0000, 0x0000, 0x0000, 0x0000, 0x0000, 0x0000, 0x0000}, // Znak pusty
    {0x0000, 0x0000, 0x0000, 0x0000, 0x0000, 0x0000, 0x0000, 0x0000, 0x0000, 0x0000, 0x0000, 0x0000, 0x0000, 0x0000, 0x0000, 0x0000}, // Znak pusty
    {0x0000, 0x0000, 0x0000, 0x0000, 0x0000, 0x0000, 0x0000, 0x0000, 0x0000, 0x0000, 0x0000, 0x0000, 0x0000, 0x0000, 0x0000, 0x0000}, // Znak pusty
    {0x0000, 0x0000, 0x0000, 0x0000, 0x0000, 0x0000, 0x0000, 0x0000, 0x0000, 0x0000, 0x0000, 0x0000, 0x0000, 0x0000, 0x0000, 0x0000}, // Znak pusty
    {0x0000, 0x0000, 0x0000, 0x0000, 0x0000, 0x0000, 0x0000, 0x0000, 0x0000, 0x0000, 0x0000, 0x0000, 0x0000, 0x0000, 0x0000, 0x0000}, // Znak pusty
    {0x0000, 0x0000, 0x0000, 0x0000, 0x0000, 0x0000, 0x0000, 0x0000, 0x0000, 0x0000, 0x0000, 0x0000, 0x0000, 0x0000, 0x0000, 0x0000}, // Znak pusty
    {0x0000, 0x0000, 0x0000, 0x0000, 0x0000, 0x0000, 0x0000, 0x0000, 0x0000, 0x0000, 0x0000, 0x0000, 0x0000, 0x0000, 0x0000, 0x0000}, // Znak pusty
    {0x0000, 0x0000, 0x0000, 0x0000, 0x0000, 0x0000, 0x0000, 0x0000, 0x0000, 0x0000, 0x0000, 0x0000, 0x0000, 0x0000, 0x0000, 0x0000}, // Znak pusty
    {0x0000, 0x0000, 0x0000, 0x0000, 0x0000, 0x0000, 0x0000, 0x0000, 0x0000, 0x0000, 0x0000, 0x0000, 0x0000, 0x0000, 0x0000, 0x0000}, // Znak pusty
    {0x0000, 0x0000, 0x0000, 0x0000, 0x0000, 0x0000, 0x0000, 0x0000, 0x0000, 0x0000, 0x0000, 0x0000, 0x0000, 0x0000, 0x0000, 0x0000}, // Znak pusty
    {0x0000, 0x0000, 0x0000, 0x0000, 0x0000, 0x0000, 0x0000, 0x0000, 0x0000, 0x0000, 0x0000, 0x0000, 0x0000, 0x0000, 0x0000, 0x0000}, // Znak pusty
    {0x0000, 0x0000, 0x0000, 0x0000, 0x0000, 0x0000, 0x0000, 0x0000, 0x0000, 0x0000, 0x0000, 0x0000, 0x0000, 0x0000, 0x0000, 0x0000}, // Znak pusty
    {0x0000, 0x0000, 0x0000, 0x0000, 0x0000, 0x0000, 0x0000, 0x0000, 0x0000, 0x0000, 0x0000, 0x0000, 0x0000, 0x0000, 0x0000, 0x0000}, // Znak pusty
    {0x0000, 0x0000, 0x0000, 0x0000, 0x0000, 0x0000, 0x0000, 0x0000, 0x0000, 0x0000, 0x0000, 0x0000, 0x0000, 0x0000, 0x0000, 0x0000}, // Znak pusty
    {0x0000, 0x0000, 0x0000, 0x0000, 0x0000, 0x0000, 0x0000, 0x0000, 0x0000, 0x0000, 0x0000, 0x0000, 0x0000, 0x0000, 0x0000, 0x0000}, // Znak pusty
    {0x0000, 0x0000, 0x0000, 0x0000, 0x0000, 0x0000, 0x0000, 0x0000, 0x0000, 0x0000, 0x0000, 0x0000, 0x0000, 0x0000, 0x0000, 0x0000}, // Znak pusty
    {0x0000, 0x0000, 0x0000, 0x0000, 0x0000, 0x0000, 0x0000, 0x0000, 0x0000, 0x0000, 0x0000, 0x0000, 0x0000, 0x0000, 0x0000, 0x0000}, // Znak pusty
    {0x0000, 0x0000, 0x0000, 0x0000, 0x0000, 0x0000, 0x0000, 0x0000, 0x0000, 0x0000, 0x0000, 0x0000, 0x0000, 0x0000, 0x0000, 0x0000}, // Znak pusty
    {0x0000, 0x0000, 0x0000, 0x0000, 0x0000, 0x0000, 0x0000, 0x0000, 0x0000, 0x0000, 0x0000, 0x0000, 0x0000, 0x0000, 0x0000, 0x0000}, // Znak pusty
    {0x0000, 0x0000, 0x0000, 0x0000, 0x0000, 0x0000, 0x0000, 0x0000, 0x0000, 0x0000, 0x0000, 0x0000, 0x0000, 0x0000, 0x0000, 0x0000}, // Znak pusty
    {0x0000, 0x0000, 0x0000, 0x0000, 0x0000, 0x0000, 0x0000, 0x0000, 0x0000, 0x0000, 0x0000, 0x0000, 0x0000, 0x0000, 0x0000, 0x0000}, // Znak pusty
    {0x0000, 0x0000, 0x0000, 0x0000, 0x0000, 0x0000, 0x0000, 0x0000, 0x0000, 0x0000, 0x0000, 0x0000, 0x0000, 0x0000, 0x0000, 0x0000}, // Znak pusty
    {0x0000, 0x0000, 0x0000, 0x0000, 0x0000, 0x0000, 0x0000, 0x0000, 0x0000, 0x0000, 0x0000, 0x0000, 0x0000, 0x0000, 0x0000, 0x0000}, // Znak pusty
    {0x0000, 0x0000, 0x0000, 0x0000, 0x0000, 0x0000, 0x0000, 0x0000, 0x0000, 0x0000, 0x0000, 0x0000, 0x0000, 0x0000, 0x0000, 0x0000}, // Znak pusty
    {0x0000, 0x0000, 0x0000, 0x0000, 0x0000, 0x0000, 0x0000, 0x0000, 0x0000, 0x0000, 0x0000, 0x0000, 0x0000, 0x0000, 0x0000, 0x0000}, // Znak pusty
    {0x0000, 0x0000, 0x0000, 0x0000, 0x0000, 0x0000, 0x0000, 0x0000, 0x0000, 0x0000, 0x0000, 0x0000, 0x0000, 0x0000, 0x0000, 0x0000}, // Znak pusty
    {0x0000, 0x0000, 0x0000, 0x0000, 0x0000, 0x0000, 0x0000, 0x0000, 0x0000, 0x0000, 0x0000, 0x0000, 0x0000, 0x0000, 0x0000, 0x0000}, // Znak pusty
    {0x0000, 0x0000, 0x0000, 0x0000, 0x0000, 0x0000, 0x0000, 0x0000, 0x0000, 0x0000, 0x0000, 0x0000, 0x0000, 0x0000, 0x0000, 0x0000}, // Znak pusty
    {0x0000, 0x0000, 0x0000, 0x0000, 0x0000, 0x0000, 0x0000, 0x0000, 0x0000, 0x0000, 0x0000, 0x0000, 0x0000, 0x0000, 0x0000, 0x0000}, // Znak pusty
    {0x0000, 0x0000, 0x0000, 0x0000, 0x0000, 0x0000, 0x0000, 0x0000, 0x0000, 0x0000, 0x0000, 0x0000, 0x0000, 0x0000, 0x0000, 0x0000}, // Znak pusty
    {0x0000, 0x0000, 0x0000, 0x0000, 0x0000, 0x0000, 0x0000, 0x0000, 0x0000, 0x0000, 0x0000, 0x0000, 0x0000, 0x0000, 0x0000, 0x0000}, // Znak pusty
    {0x0000, 0x0000, 0x0000, 0x0000, 0x0000, 0x0000, 0x0000, 0x0000, 0x0000, 0x0000, 0x0000, 0x0000, 0x0000, 0x0000, 0x0000, 0x0000}, // Znak pusty
    {0x0000, 0x0000, 0x0000, 0x0000, 0x0000, 0x0000, 0x0000, 0x0000, 0x0000, 0x0000, 0x0000, 0x0000, 0x0000, 0x0000, 0x0000, 0x0000}, // Znak pusty
    {0x0000, 0x0000, 0x0000, 0x0000, 0x0000, 0x0000, 0x0000, 0x0000, 0x0000, 0x0000, 0x0000, 0x0000, 0x0000, 0x0000, 0x0000, 0x0000}, // Znak pusty
    {0x0000, 0x0000, 0x0000, 0x0000, 0x0000, 0x0000, 0x0000, 0x0000, 0x0000, 0x0000, 0x0000, 0x0000, 0x0000, 0x0000, 0x0000, 0x0000}, // Znak pusty
    {0x0000, 0x0000, 0x0000, 0x0000, 0x0000, 0x0000, 0x0000, 0x0000, 0x0000, 0x0000, 0x0000, 0x0000, 0x0000, 0x0000, 0x0000, 0x0000}, // Znak pusty
    {0x0000, 0x0000, 0x0000, 0x0000, 0x0000, 0x0000, 0x0000, 0x0000, 0x0000, 0x0000, 0x0000, 0x0000, 0x0000, 0x0000, 0x0000, 0x0000}, // Znak pusty
    {0x0000, 0x0000, 0x0000, 0x0000, 0x0000, 0x0000, 0x0000, 0x0000, 0x0000, 0x0000, 0x0000, 0x0000, 0x0000, 0x0000, 0x0000, 0x0000}, // Znak pusty
    {0x0000, 0x0000, 0x0000, 0x0000, 0x0000, 0x0000, 0x0000, 0x0000, 0x0000, 0x0000, 0x0000, 0x0000, 0x0000, 0x0000, 0x0000, 0x0000}, // Znak pusty
    {0x0000, 0x0000, 0x0000, 0x0000, 0x0000, 0x0000, 0x0000, 0x0000, 0x0000, 0x0000, 0x0000, 0x0000, 0x0000, 0x0000, 0x0000, 0x0000}, // Znak pusty
    {0x0000, 0x0000, 0x0000, 0x0000, 0x0000, 0x0000, 0x0000, 0x0000, 0x0000, 0x0000, 0x0000, 0x0000, 0x0000, 0x0000, 0x0000, 0x0000}, // Znak pusty
    {0x0000, 0x0000, 0x0000, 0x0000, 0x0000, 0x0000, 0x0000, 0x0000, 0x0000, 0x0000, 0x0000, 0x0000, 0x0000, 0x0000, 0x0000, 0x0000}, // Znak pusty
    {0x0000, 0x0000, 0x0000, 0x0000, 0x0000, 0x0000, 0x0000, 0x0000, 0x0000, 0x0000, 0x0000, 0x0000, 0x0000, 0x0000, 0x0000, 0x0000}, // Znak pusty
    {0x0000, 0x0000, 0x0000, 0x0000, 0x0000, 0x0000, 0x0000, 0x0000, 0x0000, 0x0000, 0x0000, 0x0000, 0x0000, 0x0000, 0x0000, 0x0000}, // Znak pusty
    {0x0000, 0x0000, 0x0000, 0x0000, 0x0000, 0x0000, 0x0000, 0x0000, 0x0000, 0x0000, 0x0000, 0x0000, 0x0000, 0x0000, 0x0000, 0x0000}, // Znak pusty
    {0x0000, 0x0000, 0x0000, 0x0000, 0x0000, 0x0000, 0x0000, 0x0000, 0x0000, 0x0000, 0x0000, 0x0000, 0x0000, 0x0000, 0x0000, 0x0000}, // Znak pusty
    {0x0000, 0x0000, 0x0000, 0x0000, 0x0000, 0x0000, 0x0000, 0x0000, 0x0000, 0x0000, 0x0000, 0x0000, 0x0000, 0x0000, 0x0000, 0x0000}, // Znak pusty
    {0x0000, 0x0000, 0x0000, 0x0000, 0x0000, 0x0000, 0x0000, 0x0000, 0x0000, 0x0000, 0x0000, 0x0000, 0x0000, 0x0000, 0x0000, 0x0000}, // Znak pusty
    {0x0000, 0x0000, 0x0000, 0x0000, 0x0000, 0x0000, 0x0000, 0x0000, 0x0000, 0x0000, 0x0000, 0x0000, 0x0000, 0x0000, 0x0000, 0x0000}, // Znak pusty
    {0x0000, 0x0000, 0x0000, 0x0000, 0x0000, 0x0000, 0x0000, 0x0000, 0x0000, 0x0000, 0x0000, 0x0000, 0x0000, 0x0000, 0x0000, 0x0000}, // Znak pusty
    {0x0000, 0x0000, 0x0000, 0x0000, 0x0000, 0x0000, 0x0000, 0x0000, 0x0000, 0x0000, 0x0000, 0x0000, 0x0000, 0x0000, 0x0000, 0x0000}, // Znak pusty
    {0x0000, 0x0000, 0x0000, 0x0000, 0x0000, 0x0000, 0x0000, 0x0000, 0x0000, 0x0000, 0x0000, 0x0000, 0x0000, 0x0000, 0x0000, 0x0000}, // Znak pusty
    {0x0000, 0x0000, 0x0000, 0x0000, 0x0000, 0x0000, 0x0000, 0x0000, 0x0000, 0x0000, 0x0000, 0x0000, 0x0000, 0x0000, 0x0000, 0x0000}, // Znak pusty
    {0x0000, 0x0000, 0x0000, 0x0000, 0x0000, 0x0000, 0x0000, 0x0000, 0x0000, 0x0000, 0x0000, 0x0000, 0x0000, 0x0000, 0x0000, 0x0000}, // Znak pusty
    {0x0000, 0x0000, 0x0000, 0x0000, 0x0000, 0x0000, 0x0000, 0x0000, 0x0000, 0x0000, 0x0000, 0x0000, 0x0000, 0x0000, 0x0000, 0x0000}, // Znak pusty
    {0x0000, 0x0000, 0x0000, 0x0000, 0x0000, 0x0000, 0x0000, 0x0000, 0x0000, 0x0000, 0x0000, 0x0000, 0x0000, 0x0000, 0x0000, 0x0000}, // Znak pusty
    {0x0000, 0x0000, 0x0000, 0x0000, 0x0000, 0x0000, 0x0000, 0x0000, 0x0000, 0x0000, 0x0000, 0x0000, 0x0000, 0x0000, 0x0000, 0x0000}, // Znak pusty
    {0x0000, 0x0000, 0x0000, 0x0000, 0x0000, 0x0000, 0x0000, 0x0000, 0x0000, 0x0000, 0x0000, 0x0000, 0x0000, 0x0000, 0x0000, 0x0000}, // Znak pusty
    {0x0000, 0x0000, 0x0000, 0x0000, 0x0000, 0x0000, 0x0000, 0x0000, 0x0000, 0x0000, 0x0000, 0x0000, 0x0000, 0x0000, 0x0000, 0x0000}, // Znak pusty
    {0x0000, 0x0000, 0x0000, 0x0000, 0x0000, 0x0000, 0x0000, 0x0000, 0x0000, 0x0000, 0x0000, 0x0000, 0x0000, 0x0000, 0x0000, 0x0000}, // Znak pusty
    {0x0000, 0x0000, 0x0000, 0x0000, 0x0000, 0x0000, 0x0000, 0x0000, 0x0000, 0x0000, 0x0000, 0x0000, 0x0000, 0x0000, 0x0000, 0x0000}, // Znak pusty
    {0x0000, 0x0000, 0x0000, 0x0000, 0x0000, 0x0000, 0x0000, 0x0000, 0x0000, 0x0000, 0x0000, 0x0000, 0x0000, 0x0000, 0x0000, 0x0000}, // Znak pusty
    {0x0000, 0x0000, 0x0000, 0x0000, 0x0000, 0x0000, 0x0000, 0x0000, 0x0000, 0x0000, 0x0000, 0x0000, 0x0000, 0x0000, 0x0000, 0x0000}, // Znak pusty
    {0x0000, 0x0000, 0x0000, 0x0000, 0x0000, 0x0000, 0x0000, 0x0000, 0x0000, 0x0000, 0x0000, 0x0000, 0x0000, 0x0000, 0x0000, 0x0000}, // Znak pusty
    {0x0000, 0x0000, 0x0000, 0x0000, 0x0000, 0x0000, 0x0000, 0x0000, 0x0000, 0x0000, 0x0000, 0x0000, 0x0000, 0x0000, 0x0000, 0x0000}, // Znak pusty
    {0x0000, 0x0000, 0x0000, 0x0000, 0x0000, 0x0000, 0x0000, 0x0000, 0x0000, 0x0000, 0x0000, 0x0000, 0x0000, 0x0000, 0x0000, 0x0000}, // Znak pusty
    {0x0000, 0x0000, 0x0000, 0x0000, 0x0000, 0x0000, 0x0000, 0x0000, 0x0000, 0x0000, 0x0000, 0x0000, 0x0000, 0x0000, 0x0000, 0x0000}, // Znak pusty
    {0x0000, 0x0000, 0x0000, 0x0000, 0x0000, 0x0000, 0x0000, 0x0000, 0x0000, 0x0000, 0x0000, 0x0000, 0x0000, 0x0000, 0x0000, 0x0000}, // Znak pusty
    {0x0000, 0x0000, 0x0000, 0x0000, 0x0000, 0x0000, 0x0000, 0x0000, 0x0000, 0x0000, 0x0000, 0x0000, 0x0000, 0x0000, 0x0000, 0x0000}, // Znak pusty
    {0x0000, 0x0000, 0x0000, 0x0000, 0x0000, 0x0000, 0x0000, 0x0000, 0x0000, 0x0000, 0x0000, 0x0000, 0x0000, 0x0000, 0x0000, 0x0000}, // Znak pusty
    {0x0000, 0x0000, 0x0000, 0x0000, 0x0000, 0x0000, 0x0000, 0x0000, 0x0000, 0x0000, 0x0000, 0x0000, 0x0000, 0x0000, 0x0000, 0x0000}, // Znak pusty
    {0x0000, 0x0000, 0x0000, 0x0000, 0x0000, 0x0000, 0x0000, 0x0000, 0x0000, 0x0000, 0x0000, 0x0000, 0x0000, 0x0000, 0x0000, 0x0000}, // Znak pusty
    {0x0000, 0x0000, 0x0000, 0x0000, 0x0000, 0x0000, 0x0000, 0x0000, 0x0000, 0x0000, 0x0000, 0x0000, 0x0000, 0x0000, 0x0000, 0x0000}, // Znak pusty
    {0x0000, 0x0000, 0x0000, 0x0000, 0x0000, 0x0000, 0x0000, 0x0000, 0x0000, 0x0000, 0x0000, 0x0000, 0x0000, 0x0000, 0x0000, 0x0000}, // Znak pusty
    {0x0000, 0x0000, 0x0000, 0x0000, 0x0000, 0x0000, 0x0000, 0x0000, 0x0000, 0x0000, 0x0000, 0x0000, 0x0000, 0x0000, 0x0000, 0x0000}, // Znak pusty
    {0x0000, 0x0000, 0x0000, 0x0000, 0x0000, 0x0000, 0x0000, 0x0000, 0x0000, 0x0000, 0x0000, 0x0000, 0x0000, 0x0000, 0x0000, 0x0000}, // Znak pusty
    {0x0000, 0x0000, 0x0000, 0x0000, 0x0000, 0x0000, 0x0000, 0x0000, 0x0000, 0x0000, 0x0000, 0x0000, 0x0000, 0x0000, 0x0000, 0x0000}, // Znak pusty
    {0x0000, 0x0000, 0x0000, 0x0000, 0x0000, 0x0000, 0x0000, 0x0000, 0x0000, 0x0000, 0x0000, 0x0000, 0x0000, 0x0000, 0x0000, 0x0000}, // Znak pusty
    {0x0000, 0x0000, 0x0000, 0x0000, 0x0000, 0x0000, 0x0000, 0x0000, 0x0000, 0x0000, 0x0000, 0x0000, 0x0000, 0x0000, 0x0000, 0x0000}, // Znak pusty
    {0x0000, 0x0000, 0x0000, 0x0000, 0x0000, 0x0000, 0x0000, 0x0000, 0x0000, 0x0000, 0x0000, 0x0000, 0x0000, 0x0000, 0x0000, 0x0000}, // Znak pusty
    {0x0000, 0x0000, 0x0000, 0x0000, 0x0000, 0x0000, 0x0000, 0x0000, 0x0000, 0x0000, 0x0000, 0x0000, 0x0000, 0x0000, 0x0000, 0x0000}, // Znak pusty
    {0x0000, 0x0000, 0x0000, 0x0000, 0x0000, 0x0000, 0x0000, 0x0000, 0x0000, 0x0000, 0x0000, 0x0000, 0x0000, 0x0000, 0x0000, 0x0000}, // Znak pusty
    {0x0000, 0x0000, 0x0000, 0x0000, 0x0000, 0x0000, 0x0000, 0x0000, 0x0000, 0x0000, 0x0000, 0x0000, 0x0000, 0x0000, 0x0000, 0x0000}, // Znak pusty
    {0x0000, 0x0000, 0x0000, 0x0000, 0x0000, 0x0000, 0x0000, 0x0000, 0x0000, 0x0000, 0x0000, 0x0000, 0x0000, 0x0000, 0x0000, 0x0000}, // Znak pusty
    {0x0000, 0x0000, 0x0000, 0x0000, 0x0000, 0x0000, 0x0000, 0x0000, 0x0000, 0x0000, 0x0000, 0x0000, 0x0000, 0x0000, 0x0000, 0x0000}, // Znak pusty
    {0x0000, 0x0000, 0x0000, 0x0000, 0x0000, 0x0000, 0x0000, 0x0000, 0x0000, 0x0000, 0x0000, 0x0000, 0x0000, 0x0000, 0x0000, 0x0000}, // Znak pusty
    {0x0000, 0x0000, 0x0000, 0x0000, 0x0000, 0x0000, 0x0000, 0x0000, 0x0000, 0x0000, 0x0000, 0x0000, 0x0000, 0x0000, 0x0000, 0x0000}, // Znak pusty
    {0x0000, 0x0000, 0x0000, 0x0000, 0x0000, 0x0000, 0x0000, 0x0000, 0x0000, 0x0000, 0x0000, 0x0000, 0x0000, 0x0000, 0x0000, 0x0000}, // Znak pusty
    {0x0000, 0x0000, 0x0000, 0x0000, 0x0000, 0x0000, 0x0000, 0x0000, 0x0000, 0x0000, 0x0000, 0x0000, 0x0000, 0x0000, 0x0000, 0x0000}, // Znak pusty
    {0x0000, 0x0000, 0x0000, 0x0000, 0x0000, 0x0000, 0x0000, 0x0000, 0x0000, 0x0000, 0x0000, 0x0000, 0x0000, 0x0000, 0x0000, 0x0000}, // Znak pusty
    {0x0000, 0x0000, 0x0000, 0x0000, 0x0000, 0x0000, 0x0000, 0x0000, 0x0000, 0x0000, 0x0000, 0x0000, 0x0000, 0x0000, 0x0000, 0x0000}, // Znak pusty
    {0x0000, 0x0000, 0x0000, 0x0000, 0x0000, 0x0000, 0x0000, 0x0000, 0x0000, 0x0000, 0x0000, 0x0000, 0x0000, 0x0000, 0x0000, 0x0000}, // Znak pusty
    {0x0000, 0x0000, 0x0000, 0x0000, 0x0000, 0x0000, 0x0000, 0x0000, 0x0000, 0x0000, 0x0000, 0x0000, 0x0000, 0x0000, 0x0000, 0x0000}, // Znak pusty
    {0x0000, 0x0000, 0x0000, 0x0000, 0x0000, 0x0000, 0x0000, 0x0000, 0x0000, 0x0000, 0x0000, 0x0000, 0x0000, 0x0000, 0x0000, 0x0000}, // Znak pusty
    {0x0000, 0x0000, 0x0000, 0x0000, 0x0000, 0x0000, 0x0000, 0x0000, 0x0000, 0x0000, 0x0000, 0x0000, 0x0000, 0x0000, 0x0000, 0x0000}, // Znak pusty
    {0x0000, 0x0000, 0x0000, 0x0000, 0x0000, 0x0000, 0x0000, 0x0000, 0x0000, 0x0000, 0x0000, 0x0000, 0x0000, 0x0000, 0x0000, 0x0000}, // Znak pusty
    {0x0000, 0x0000, 0x0000, 0x0000, 0x0000, 0x0000, 0x0000, 0x0000, 0x0000, 0x0000, 0x0000, 0x0000, 0x0000, 0x0000, 0x0000, 0x0000}, // Znak pusty
    {0x0000, 0x0000, 0x0000, 0x0000, 0x0000, 0x0000, 0x0000, 0x0000, 0x0000, 0x0000, 0x0000, 0x0000, 0x0000, 0x0000, 0x0000, 0x0000}, // Znak pusty
    {0x0000, 0x0000, 0x0000, 0x0000, 0x0000, 0x0000, 0x0000, 0x0000, 0x0000, 0x0000, 0x0000, 0x0000, 0x0000, 0x0000, 0x0000, 0x0000}, // Znak pusty
    {0x0000, 0x0000, 0x0000, 0x0000, 0x0000, 0x0000, 0x0000, 0x0000, 0x0000, 0x0000, 0x0000, 0x0000, 0x0000, 0x0000, 0x0000, 0x0000}, // Znak pusty
    {0x0000, 0x0000, 0x0000, 0x0000, 0x0000, 0x0000, 0x0000, 0x0000, 0x0000, 0x0000, 0x0000, 0x0000, 0x0000, 0x0000, 0x0000, 0x0000}, // Znak pusty
    {0x0000, 0x0000, 0x0000, 0x0000, 0x0000, 0x0000, 0x0000, 0x0000, 0x0000, 0x0000, 0x0000, 0x0000, 0x0000, 0x0000, 0x0000, 0x0000}, // Znak pusty
    {0x0000, 0x0000, 0x0000, 0x0000, 0x0000, 0x0000, 0x0000, 0x0000, 0x0000, 0x0000, 0x0000, 0x0000, 0x0000, 0x0000, 0x0000, 0x0000}, // Znak pusty
    {0x0000, 0x0000, 0x0000, 0x0000, 0x0000, 0x0000, 0x0000, 0x0000, 0x0000, 0x0000, 0x0000, 0x0000, 0x0000, 0x0000, 0x0000, 0x0000}, // Znak pusty
    {0x0000, 0x0000, 0x0000, 0x0000, 0x0000, 0x0000, 0x0000, 0x0000, 0x0000, 0x0000, 0x0000, 0x0000, 0x0000, 0x0000, 0x0000, 0x0000}, // Znak pusty
    {0x0000, 0x0000, 0x0000, 0x0000, 0x0000, 0x0000, 0x0000, 0x0000, 0x0000, 0x0000, 0x0000, 0x0000, 0x0000, 0x0000, 0x0000, 0x0000}, // Znak pusty
    {0x0000, 0x0000, 0x0000, 0x0000, 0x0000, 0x0000, 0x0000, 0x0000, 0x0000, 0x0000, 0x0000, 0x0000, 0x0000, 0x0000, 0x0000, 0x0000}, // Znak pusty
    {0x0000, 0x0000, 0x0000, 0x0000, 0x0000, 0x0000, 0x0000, 0x0000, 0x0000, 0x0000, 0x0000, 0x0000, 0x0000, 0x0000, 0x0000, 0x0000}, // Znak pusty
    {0x0000, 0x0000, 0x0000, 0x0000, 0x0000, 0x0000, 0x0000, 0x0000, 0x0000, 0x0000, 0x0000, 0x0000, 0x0000, 0x0000, 0x0000, 0x0000}, // Znak pusty
    {0x0000, 0x0000, 0x0000, 0x0000, 0x0000, 0x0000, 0x0000, 0x0000, 0x0000, 0x0000, 0x0000, 0x0000, 0x0000, 0x0000, 0x0000, 0x0000}, // Znak pusty
    {0x0000, 0x0000, 0x0000, 0x0000, 0x0000, 0x0000, 0x0000, 0x0000, 0x0000, 0x0000, 0x0000, 0x0000, 0x0000, 0x0000, 0x0000, 0x0000}, // Znak pusty
    {0x0000, 0x0000, 0x0000, 0x0000, 0x0000, 0x0000, 0x0000, 0x0000, 0x0000, 0x0000, 0x0000, 0x0000, 0x0000, 0x0000, 0x0000, 0x0000}, // Znak pusty
    {0x0000, 0x0000, 0x0000, 0x0000, 0x0000, 0x0000, 0x0000, 0x0000, 0x0000, 0x0000, 0x0000, 0x0000, 0x0000, 0x0000, 0x0000, 0x0000}, // Znak pusty
    {0x0000, 0x0000, 0x0000, 0x0000, 0x0000, 0x0000, 0x0000, 0x0000, 0x0000, 0x0000, 0x0000, 0x0000, 0x0000, 0x0000, 0x0000, 0x0000}, // Znak pusty
    {0x0000, 0x0000, 0x0000, 0x0000, 0x0000, 0x0000, 0x0000, 0x0000, 0x0000, 0x0000, 0x0000, 0x0000, 0x0000, 0x0000, 0x0000, 0x0000}, // Znak pusty
    {0x0000, 0x0000, 0x0000, 0x0000, 0x0000, 0x0000, 0x0000, 0x0000, 0x0000, 0x0000, 0x0000, 0x0000, 0x0000, 0x0000, 0x0000, 0x0000}, // Znak pusty
    {0x0000, 0x0000, 0x0000, 0x0000, 0x0000, 0x0000, 0x0000, 0x0000, 0x0000, 0x0000, 0x0000, 0x0000, 0x0000, 0x0000, 0x0000, 0x0000}, // Znak pusty
    {0x0000, 0x0000, 0x0000, 0x0000, 0x0000, 0x0000, 0x0000, 0x0000, 0x0000, 0x0000, 0x0000, 0x0000, 0x0000, 0x0000, 0x0000, 0x0000}, // Znak pusty
    {0x0000, 0x0000, 0x0000, 0x0000, 0x0000, 0x0000, 0x0000, 0x0000, 0x0000, 0x0000, 0x0000, 0x0000, 0x0000, 0x0000, 0x0000, 0x0000}, // Znak pusty
    {0x0000, 0x0000, 0x0000, 0x0000, 0x0000, 0x0000, 0x0000, 0x0000, 0x0000, 0x0000, 0x0000, 0x0000, 0x0000, 0x0000, 0x0000, 0x0000}, // Znak pusty
    {0x0000, 0x0000, 0x0000, 0x0000, 0x0000, 0x0000, 0x0000, 0x0000, 0x0000, 0x0000, 0x0000, 0x0000, 0x0000, 0x0000, 0x0000, 0x0000}, // Znak pusty
    {0x0000, 0x0000, 0x0000, 0x0000, 0x0000, 0x0000, 0x0000, 0x0000, 0x0000, 0x0000, 0x0000, 0x0000, 0x0000, 0x0000, 0x0000, 0x0000}, // Znak pusty
    {0x0000, 0x0000, 0x0000, 0x0000, 0x0000, 0x0000, 0x0000, 0x0000, 0x0000, 0x0000, 0x0000, 0x0000, 0x0000, 0x0000, 0x0000, 0x0000}, // Znak pusty
    {0x0000, 0x0000, 0x0000, 0x0000, 0x0000, 0x0000, 0x0000, 0x0000, 0x0000, 0x0000, 0x0000, 0x0000, 0x0000, 0x0000, 0x0000, 0x0000}, // Znak pusty
    {0x0000, 0x0000, 0x0000, 0x0000, 0x0000, 0x0000, 0x0000, 0x0000, 0x0000, 0x0000, 0x0000, 0x0000, 0x0000, 0x0000, 0x0000, 0x0000}, // Znak pusty
    {0x0000, 0x0000, 0x0000, 0x0000, 0x0000, 0x0000, 0x0000, 0x0000, 0x0000, 0x0000, 0x0000, 0x0000, 0x0000, 0x0000, 0x0000, 0x0000}, // Znak pusty
    {0x0000, 0x0000, 0x0000, 0x0000, 0x0000, 0x0000, 0x0000, 0x0000, 0x0000, 0x0000, 0x0000, 0x0000, 0x0000, 0x0000, 0x0000, 0x0000}, // Znak pusty
    {0x0000, 0x0000, 0x0000, 0x0000, 0x0000, 0x0000, 0x0000, 0x0000, 0x0000, 0x0000, 0x0000, 0x0000, 0x0000, 0x0000, 0x0000, 0x0000}, // Znak pusty
    {0x0000, 0x0000, 0x0000, 0x0000, 0x0000, 0x0000, 0x0000, 0x0000, 0x0000, 0x0000, 0x0000, 0x0000, 0x0000, 0x0000, 0x0000, 0x0000}, // Znak pusty
    {0x0000, 0x0000, 0x0000, 0x0000, 0x0000, 0x0000, 0x0000, 0x0000, 0x0000, 0x0000, 0x0000, 0x0000, 0x0000, 0x0000, 0x0000, 0x0000}, // Znak pusty
    {0x0000, 0x0000, 0x0000, 0x0000, 0x0000, 0x0000, 0x0000, 0x0000, 0x0000, 0x0000, 0x0000, 0x0000, 0x0000, 0x0000, 0x0000, 0x0000}, // Znak pusty
    {0x0000, 0x0000, 0x0000, 0x0000, 0x0000, 0x0000, 0x0000, 0x0000, 0x0000, 0x0000, 0x0000, 0x0000, 0x0000, 0x0000, 0x0000, 0x0000}, // Znak pusty
    {0x0000, 0x0000, 0x0000, 0x0000, 0x0000, 0x0000, 0x0000, 0x0000, 0x0000, 0x0000, 0x0000, 0x0000, 0x0000, 0x0000, 0x0000, 0x0000}, // Znak pusty
    {0x0000, 0x0000, 0x0000, 0x0000, 0x0000, 0x0000, 0x0000, 0x0000, 0x0000, 0x0000, 0x0000, 0x0000, 0x0000, 0x0000, 0x0000, 0x0000}, // Znak pusty
    {0x0000, 0x0000, 0x0000, 0x0000, 0x0000, 0x0000, 0x0000, 0x0000, 0x0000, 0x0000, 0x0000, 0x0000, 0x0000, 0x0000, 0x0000, 0x0000}, // Znak pusty
    {0x0000, 0x0000, 0x0000, 0x0000, 0x0000, 0x0000, 0x0000, 0x0000, 0x0000, 0x0000, 0x0000, 0x0000, 0x0000, 0x0000, 0x0000, 0x0000}, // Znak pusty
    {0x0000, 0x0000, 0x0000, 0x0000, 0x0000, 0x0000, 0x0000, 0x0000, 0x0000, 0x0000, 0x0000, 0x0000, 0x0000, 0x0000, 0x0000, 0x0000}, // Znak pusty
    {0x0000, 0x0000, 0x0000, 0x0000, 0x0000, 0x0000, 0x0000, 0x0000, 0x0000, 0x0000, 0x0000, 0x0000, 0x0000, 0x0000, 0x0000, 0x0000}, // Znak pusty
    {0x0000, 0x0000, 0x0000, 0x0000, 0x0000, 0x0000, 0x0000, 0x0000, 0x0000, 0x0000, 0x0000, 0x0000, 0x0000, 0x0000, 0x0000, 0x0000}, // Znak pusty
    {0x0000, 0x0000, 0x0000, 0x0000, 0x0000, 0x0000, 0x0000, 0x0000, 0x0000, 0x0000, 0x0000, 0x0000, 0x0000, 0x0000, 0x0000, 0x0000}, // Znak pusty
    {0x0000, 0x0000, 0x0000, 0x0000, 0x0000, 0x0000, 0x0000, 0x0000, 0x0000, 0x0000, 0x0000, 0x0000, 0x0000, 0x0000, 0x0000, 0x0000}, // Znak pusty
    {0x0000, 0x0000, 0x0000, 0x0000, 0x0000, 0x0000, 0x0000, 0x0000, 0x0000, 0x0000, 0x0000, 0x0000, 0x0000, 0x0000, 0x0000, 0x0000}, // Znak pusty
    {0x0000, 0x0000, 0x0000, 0x0000, 0x0000, 0x0000, 0x0000, 0x0000, 0x0000, 0x0000, 0x0000, 0x0000, 0x0000, 0x0000, 0x0000, 0x0000}, // Znak pusty
    {0x0000, 0x0000, 0x0000, 0x0000, 0x0000, 0x0000, 0x0000, 0x0000, 0x0000, 0x0000, 0x0000, 0x0000, 0x0000, 0x0000, 0x0000, 0x0000}, // Znak pusty
    {0x0000, 0x0000, 0x0000, 0x0000, 0x0000, 0x0000, 0x0000, 0x0000, 0x0000, 0x0000, 0x0000, 0x0000, 0x0000, 0x0000, 0x0000, 0x0000}, // Znak pusty
    {0x0000, 0x0000, 0x0000, 0x0000, 0x0000, 0x0000, 0x0000, 0x0000, 0x0000, 0x0000, 0x0000, 0x0000, 0x0000, 0x0000, 0x0000, 0x0000}, // Znak pusty
    {0x0000, 0x0000, 0x0000, 0x0000, 0x0000, 0x0000, 0x0000, 0x0000, 0x0000, 0x0000, 0x0000, 0x0000, 0x0000, 0x0000, 0x0000, 0x0000}, // Znak pusty
    {0x0000, 0x0000, 0x0000, 0x0000, 0x0000, 0x0000, 0x0000, 0x0000, 0x0000, 0x0000, 0x0000, 0x0000, 0x0000, 0x0000, 0x0000, 0x0000}, // Znak pusty
    {0x0000, 0x0000, 0x0000, 0x0000, 0x0000, 0x0000, 0x0000, 0x0000, 0x0000, 0x0000, 0x0000, 0x0000, 0x0000, 0x0000, 0x0000, 0x0000}, // Znak pusty
    {0x0000, 0x0000, 0x0000, 0x0000, 0x0000, 0x0000, 0x0000, 0x0000, 0x0000, 0x0000, 0x0000, 0x0000, 0x0000, 0x0000, 0x0000, 0x0000}, // Znak pusty
    {0x0000, 0x0000, 0x0000, 0x0000, 0x0000, 0x0000, 0x0000, 0x0000, 0x0000, 0x0000, 0x0000, 0x0000, 0x0000, 0x0000, 0x0000, 0x0000}, // Znak pusty
    {0x0000, 0x0000, 0x0000, 0x0000, 0x0000, 0x0000, 0x0000, 0x0000, 0x0000, 0x0000, 0x0000, 0x0000, 0x0000, 0x0000, 0x0000, 0x0000}, // Znak pusty
    {0x0000, 0x0000, 0x0000, 0x0000, 0x0000, 0x0000, 0x0000, 0x0000, 0x0000, 0x0000, 0x0000, 0x0000, 0x0000, 0x0000, 0x0000, 0x0000}, // Znak pusty
    {0x0000, 0x0000, 0x0000, 0x0000, 0x0000, 0x0000, 0x0000, 0x0000, 0x0000, 0x0000, 0x0000, 0x0000, 0x0000, 0x0000, 0x0000, 0x0000}, // Znak pusty
    {0x0000, 0x0000, 0x0000, 0x0000, 0x0000, 0x0000, 0x0000, 0x0000, 0x0000, 0x0000, 0x0000, 0x0000, 0x0000, 0x0000, 0x0000, 0x0000}, // Znak pusty
    {0x0000, 0x0000, 0x0000, 0x0000, 0x0000, 0x0000, 0x0000, 0x0000, 0x0000, 0x0000, 0x0000, 0x0000, 0x0000, 0x0000, 0x0000, 0x0000}, // Znak pusty
    {0x0000, 0x0000, 0x0000, 0x0000, 0x0000, 0x0000, 0x0000, 0x0000, 0x0000, 0x0000, 0x0000, 0x0000, 0x0000, 0x0000, 0x0000, 0x0000}, // Znak pusty
    {0x0000, 0x0000, 0x0000, 0x0000, 0x0000, 0x0000, 0x0000, 0x0000, 0x0000, 0x0000, 0x0000, 0x0000, 0x0000, 0x0000, 0x0000, 0x0000}, // Znak pusty
    {0x0000, 0x0000, 0x0000, 0x0000, 0x0000, 0x0000, 0x0000, 0x0000, 0x0000, 0x0000, 0x0000, 0x0000, 0x0000, 0x0000, 0x0000, 0x0000}, // Znak pusty
    {0x0000, 0x0000, 0x0000, 0x0000, 0x0000, 0x0000, 0x0000, 0x0000, 0x0000, 0x0000, 0x0000, 0x0000, 0x0000, 0x0000, 0x0000, 0x0000}, // Znak pusty
    {0x0000, 0x0000, 0x0000, 0x0000, 0x0000, 0x0000, 0x0000, 0x0000, 0x0000, 0x0000, 0x0000, 0x0000, 0x0000, 0x0000, 0x0000, 0x0000}, // Znak pusty
    {0x0000, 0x0000, 0x0000, 0x0000, 0x0000, 0x0000, 0x0000, 0x0000, 0x0000, 0x0000, 0x0000, 0x0000, 0x0000, 0x0000, 0x0000, 0x0000}, // Znak pusty
    {0x0000, 0x0000, 0x0000, 0x0000, 0x0000, 0x0000, 0x0000, 0x0000, 0x0000, 0x0000, 0x0000, 0x0000, 0x0000, 0x0000, 0x0000, 0x0000}, // Znak pusty
    {0x0000, 0x0000, 0x0000, 0x0000, 0x0000, 0x0000, 0x0000, 0x0000, 0x0000, 0x0000, 0x0000, 0x0000, 0x0000, 0x0000, 0x0000, 0x0000}, // Znak pusty
    {0x0000, 0x0000, 0x0000, 0x0000, 0x0000, 0x0000, 0x0000, 0x0000, 0x0000, 0x0000, 0x0000, 0x0000, 0x0000, 0x0000, 0x0000, 0x0000}, // Znak pusty
    {0x0000, 0x0000, 0x0000, 0x0000, 0x0000, 0x0000, 0x0000, 0x0000, 0x0000, 0x0000, 0x0000, 0x0000, 0x0000, 0x0000, 0x0000, 0x0000}, // Znak pusty
    {0x0000, 0x0000, 0x0000, 0x0000, 0x0000, 0x0000, 0x0000, 0x0000, 0x0000, 0x0000, 0x0000, 0x0000, 0x0000, 0x0000, 0x0000, 0x0000}, // Znak pusty
    {0x0000, 0x0000, 0x0000, 0x0000, 0x0000, 0x0000, 0x0000, 0x0000, 0x0000, 0x0000, 0x0000, 0x0000, 0x0000, 0x0000, 0x0000, 0x0000}, // Znak pusty
    {0x0000, 0x0000, 0x0000, 0x0000, 0x0000, 0x0000, 0x0000, 0x0000, 0x0000, 0x0000, 0x0000, 0x0000, 0x0000, 0x0000, 0x0000, 0x0000}, // Znak pusty
    {0x0000, 0x0000, 0x0000, 0x0000, 0x0000, 0x0000, 0x0000, 0x0000, 0x0000, 0x0000, 0x0000, 0x0000, 0x0000, 0x0000, 0x0000, 0x0000}, // Znak pusty
    {0x0000, 0x0000, 0x0000, 0x0000, 0x0000, 0x0000, 0x0000, 0x0000, 0x0000, 0x0000, 0x0000, 0x0000, 0x0000, 0x0000, 0x0000, 0x0000}, // Znak pusty
    {0x0000, 0x0000, 0x0000, 0x0000, 0x0000, 0x0000, 0x0000, 0x0000, 0x0000, 0x0000, 0x0000, 0x0000, 0x0000, 0x0000, 0x0000, 0x0000}, // Znak pusty
    {0x0000, 0x0000, 0x0000, 0x0000, 0x0000, 0x0000, 0x0000, 0x0000, 0x0000, 0x0000, 0x0000, 0x0000, 0x0000, 0x0000, 0x0000, 0x0000}, // Znak pusty
    {0x0000, 0x0000, 0x0000, 0x0000, 0x0000, 0x0000, 0x0000, 0x0000, 0x0000, 0x0000, 0x0000, 0x0000, 0x0000, 0x0000, 0x0000, 0x0000}, // Znak pusty
    {0x0000, 0x0000, 0x0000, 0x0000, 0x0000, 0x0000, 0x0000, 0x0000, 0x0000, 0x0000, 0x0000, 0x0000, 0x0000, 0x0000, 0x0000, 0x0000}, // Znak pusty
    {0x0000, 0x0000, 0x0000, 0x0000, 0x0000, 0x0000, 0x0000, 0x0000, 0x0000, 0x0000, 0x0000, 0x0000, 0x0000, 0x0000, 0x0000, 0x0000}, // Znak pusty
    {0x0000, 0x0000, 0x0000, 0x0000, 0x0000, 0x0000, 0x0000, 0x0000, 0x0000, 0x0000, 0x0000, 0x0000, 0x0000, 0x0000, 0x0000, 0x0000}, // Znak pusty
    {0x0000, 0x0000, 0x0000, 0x0000, 0x0000, 0x0000, 0x0000, 0x0000, 0x0000, 0x0000, 0x0000, 0x0000, 0x0000, 0x0000, 0x0000, 0x0000}, // Znak pusty
    {0x0000, 0x0000, 0x0000, 0x0000, 0x0000, 0x0000, 0x0000, 0x0000, 0x0000, 0x0000, 0x0000, 0x0000, 0x0000, 0x0000, 0x0000, 0x0000}, // Znak pusty
    {0x0000, 0x0000, 0x0000, 0x0000, 0x0000, 0x0000, 0x0000, 0x0000, 0x0000, 0x0000, 0x0000, 0x0000, 0x0000, 0x0000, 0x0000, 0x0000}, // Znak pusty
    {0x0000, 0x0000, 0x0000, 0x0000, 0x0000, 0x0000, 0x0000, 0x0000, 0x0000, 0x0000, 0x0000, 0x0000, 0x0000, 0x0000, 0x0000, 0x0000}, // Znak pusty
    {0x0000, 0x0000, 0x0000, 0x0000, 0x0000, 0x0000, 0x0000, 0x0000, 0x0000, 0x0000, 0x0000, 0x0000, 0x0000, 0x0000, 0x0000, 0x0000}, // Znak pusty
    {0x0000, 0x0000, 0x0000, 0x0000, 0x0000, 0x0000, 0x0000, 0x0000, 0x0000, 0x0000, 0x0000, 0x0000, 0x0000, 0x0000, 0x0000, 0x0000}, // Znak pusty
    {0x0000, 0x0000, 0x0000, 0x0000, 0x0000, 0x0000, 0x0000, 0x0000, 0x0000, 0x0000, 0x0000, 0x0000, 0x0000, 0x0000, 0x0000, 0x0000}, // Znak pusty
    {0x0000, 0x0000, 0x0000, 0x0000, 0x0000, 0x0000, 0x0000, 0x0000, 0x0000, 0x0000, 0x0000, 0x0000, 0x0000, 0x0000, 0x0000, 0x0000}, // Znak pusty
    {0x0000, 0x0000, 0x0000, 0x0000, 0x0000, 0x0000, 0x0000, 0x0000, 0x0000, 0x0000, 0x0000, 0x0000, 0x0000, 0x0000, 0x0000, 0x0000}, // Znak pusty
    {0x0000, 0x0000, 0x0000, 0x0000, 0x0000, 0x0000, 0x0000, 0x0000, 0x0000, 0x0000, 0x0000, 0x0000, 0x0000, 0x0000, 0x0000, 0x0000}, // Znak pusty
    {0x0000, 0x0000, 0x0000, 0x0000, 0x0000, 0x0000, 0x0000, 0x0000, 0x0000, 0x0000, 0x0000, 0x0000, 0x0000, 0x0000, 0x0000, 0x0000}, // Znak pusty
    {0x0000, 0x0000, 0x0000, 0x0000, 0x0000, 0x0000, 0x0000, 0x0000, 0x0000, 0x0000, 0x0000, 0x0000, 0x0000, 0x0000, 0x0000, 0x0000}, // Znak pusty
    {0x0000, 0x0000, 0x0000, 0x0000, 0x0000, 0x0000, 0x0000, 0x0000, 0x0000, 0x0000, 0x0000, 0x0000, 0x0000, 0x0000, 0x0000, 0x0000}, // Znak pusty
    {0x0000, 0x0000, 0x0000, 0x0000, 0x0000, 0x0000, 0x0000, 0x0000, 0x0000, 0x0000, 0x0000, 0x0000, 0x0000, 0x0000, 0x0000, 0x0000}, // Znak pusty
    {0x0000, 0x0000, 0x0000, 0x0000, 0x0000, 0x0000, 0x0000, 0x0000, 0x0000, 0x0000, 0x0000, 0x0000, 0x0000, 0x0000, 0x0000, 0x0000}, // Znak pusty
    {0x0000, 0x0000, 0x0000, 0x0000, 0x0000, 0x0000, 0x0000, 0x0000, 0x0000, 0x0000, 0x0000, 0x0000, 0x0000, 0x0000, 0x0000, 0x0000}, // Znak pusty
    {0x0000, 0x0000, 0x0000, 0x0000, 0x0000, 0x0000, 0x0000, 0x0000, 0x0000, 0x0000, 0x0000, 0x0000, 0x0000, 0x0000, 0x0000, 0x0000}, // Znak pusty
    {0x0000, 0x0000, 0x0000, 0x0000, 0x0000, 0x0000, 0x0000, 0x0000, 0x0000, 0x0000, 0x0000, 0x0000, 0x0000, 0x0000, 0x0000, 0x0000}, // Znak pusty
    {0x0000, 0x0000, 0x0000, 0x0000, 0x0000, 0x0000, 0x0000, 0x0000, 0x0000, 0x0000, 0x0000, 0x0000, 0x0000, 0x0000, 0x0000, 0x0000}, // Znak pusty
    {0x0000, 0x0000, 0x0000, 0x0000, 0x0000, 0x0000, 0x0000, 0x0000, 0x0000, 0x0000, 0x0000, 0x0000, 0x0000, 0x0000, 0x0000, 0x0000}, // Znak pusty
    {0x0000, 0x0000, 0x0000, 0x0000, 0x0000, 0x0000, 0x0000, 0x0000, 0x0000, 0x0000, 0x0000, 0x0000, 0x0000, 0x0000, 0x0000, 0x0000}, // Znak pusty
    {0x0000, 0x0000, 0x0000, 0x0000, 0x0000, 0x0000, 0x0000, 0x0000, 0x0000, 0x0000, 0x0000, 0x0000, 0x0000, 0x0000, 0x0000, 0x0000}, // Znak pusty
    {0x0000, 0x0000, 0x0000, 0x0000, 0x0000, 0x0000, 0x0000, 0x0000, 0x0000, 0x0000, 0x0000, 0x0000, 0x0000, 0x0000, 0x0000, 0x0000}, // Znak pusty
    {0x0000, 0x0000, 0x0000, 0x0000, 0x0000, 0x0000, 0x0000, 0x0000, 0x0000, 0x0000, 0x0000, 0x0000, 0x0000, 0x0000, 0x0000, 0x0000}, // Znak pusty
    {0x0000, 0x0000, 0x0000, 0x0000, 0x0000, 0x0000, 0x0000, 0x0000, 0x0000, 0x0000, 0x0000, 0x0000, 0x0000, 0x0000, 0x0000, 0x0000}, // Znak pusty
    {0x0000, 0x0000, 0x0000, 0x0000, 0x0000, 0x0000, 0x0000, 0x0000, 0x0000, 0x0000, 0x0000, 0x0000, 0x0000, 0x0000, 0x0000, 0x0000}, // Znak pusty
    {0x0000, 0x0000, 0x0000, 0x0000, 0x0000, 0x0000, 0x0000, 0x0000, 0x0000, 0x0000, 0x0000, 0x0000, 0x0000, 0x0000, 0x0000, 0x0000}, // Znak pusty
    {0x0000, 0x0000, 0x0000, 0x0000, 0x0000, 0x0000, 0x0000, 0x0000, 0x0000, 0x0000, 0x0000, 0x0000, 0x0000, 0x0000, 0x0000, 0x0000}, // Znak pusty
    {0x0000, 0x0000, 0x0000, 0x0000, 0x0000, 0x0000, 0x0000, 0x0000, 0x0000, 0x0000, 0x0000, 0x0000, 0x0000, 0x0000, 0x0000, 0x0000}, // Znak pusty
    {0x0000, 0x0000, 0x0000, 0x0000, 0x0000, 0x0000, 0x0000, 0x0000, 0x0000, 0x0000, 0x0000, 0x0000, 0x0000, 0x0000, 0x0000, 0x0000}, // Znak pusty
    {0x0000, 0x0000, 0x0000, 0x0000, 0x0000, 0x0000, 0x0000, 0x0000, 0x0000, 0x0000, 0x0000, 0x0000, 0x0000, 0x0000, 0x0000, 0x0000}, // Znak pusty
    {0x0000, 0x0000, 0x0000, 0x0000, 0x0000, 0x0000, 0x0000, 0x0000, 0x0000, 0x0000, 0x0000, 0x0000, 0x0000, 0x0000, 0x0000, 0x0000}, // Znak pusty
    {0x0000, 0x0000, 0x0000, 0x0000, 0x0000, 0x0000, 0x0000, 0x0000, 0x0000, 0x0000, 0x0000, 0x0000, 0x0000, 0x0000, 0x0000, 0x0000}, // Znak pusty
    {0x0000, 0x0000, 0x0000, 0x0000, 0x0000, 0x0000, 0x0000, 0x0000, 0x0000, 0x0000, 0x0000, 0x0000, 0x0000, 0x0000, 0x0000, 0x0000}, // Znak pusty
    {0x0000, 0x0000, 0x0000, 0x0000, 0x0000, 0x0000, 0x0000, 0x0000, 0x0000, 0x0000, 0x0000, 0x0000, 0x0000, 0x0000, 0x0000, 0x0000}, // Znak pusty
    {0x0000, 0x0000, 0x0000, 0x0000, 0x0000, 0x0000, 0x0000, 0x0000, 0x0000, 0x0000, 0x0000, 0x0000, 0x0000, 0x0000, 0x0000, 0x0000}, // Znak pusty
    {0x0000, 0x0000, 0x0000, 0x0000, 0x0000, 0x0000, 0x0000, 0x0000, 0x0000, 0x0000, 0x0000, 0x0000, 0x0000, 0x0000, 0x0000, 0x0000}, // Znak pusty
    {0x0000, 0xC600, 0x0000, 0xFE00, 0xC000, 0xC000, 0xC000, 0xF800, 0xC000, 0xC000, 0xC000, 0xC000, 0xFE00, 0x0000, 0x0000, 0x0000}, // Znak 1025
    {0x0000, 0x0000, 0x0000, 0xFE00, 0x3000, 0x3000, 0x3000, 0x3E00, 0x3300, 0x3300, 0x3300, 0x3300, 0x3600, 0x0000, 0x0000, 0x0000}, // Znak 1026
    {0x0000, 0x0000, 0x0000, 0x0000, 0x0000, 0x0000, 0x0000, 0x0000, 0x0000, 0x0000, 0x0000, 0x0000, 0x0000, 0x0000, 0x0000, 0x0000}, // Znak pusty
    {0x0000, 0x0000, 0x0000, 0x7C00, 0xC600, 0xC000, 0xC000, 0xF800, 0xC000, 0xC000, 0xC000, 0xC600, 0x7C00, 0x0000, 0x0000, 0x0000}, // Znak 1028
    {0x0000, 0x0000, 0x0000, 0x0000, 0x0000, 0x0000, 0x0000, 0x0000, 0x0000, 0x0000, 0x0000, 0x0000, 0x0000, 0x0000, 0x0000, 0x0000}, // Znak pusty
    {0x0000, 0x0000, 0x0000, 0xC000, 0xC000, 0xC000, 0xC000, 0xC000, 0xC000, 0xC000, 0xC000, 0xC000, 0xC000, 0x0000, 0x0000, 0x0000}, // Znak 1030
    {0x0000, 0x9000, 0x0000, 0x6000, 0x6000, 0x6000, 0x6000, 0x6000, 0x6000, 0x6000, 0x6000, 0x6000, 0x6000, 0x0000, 0x0000, 0x0000}, // Znak 1031
    {0x0000, 0x0000, 0x0000, 0x0600, 0x0600, 0x0600, 0x0600, 0x0600, 0x0600, 0x0600, 0x0600, 0xC600, 0x7C00, 0x0000, 0x0000, 0x0000}, // Znak 1032
    {0x0000, 0x0000, 0x0000, 0x3E00, 0x6600, 0x6600, 0x6600, 0x67C0, 0x6660, 0x6660, 0x6660, 0x6660, 0xC7C0, 0x0000, 0x0000, 0x0000}, // Znak 1033
    {0x0000, 0x0000, 0x0000, 0xCC00, 0xCC00, 0xCC00, 0xCC00, 0xFF80, 0xCCC0, 0xCCC0, 0xCCC0, 0xCCC0, 0xCF80, 0x0000, 0x0000, 0x0000}, // Znak 1034
    {0x0000, 0x0000, 0x0000, 0xFE00, 0x3000, 0x3000, 0x3000, 0x3E00, 0x3300, 0x3300, 0x3300, 0x3300, 0x3300, 0x0000, 0x0000, 0x0000}, // Znak 1035
    {0x0000, 0x0000, 0x0000, 0x0000, 0x0000, 0x0000, 0x0000, 0x0000, 0x0000, 0x0000, 0x0000, 0x0000, 0x0000, 0x0000, 0x0000, 0x0000}, // Znak pusty
    {0x0000, 0x0000, 0x0000, 0x0000, 0x0000, 0x0000, 0x0000, 0x0000, 0x0000, 0x0000, 0x0000, 0x0000, 0x0000, 0x0000, 0x0000, 0x0000}, // Znak pusty
    {0x0000, 0x0000, 0x0000, 0x0000, 0x0000, 0x0000, 0x0000, 0x0000, 0x0000, 0x0000, 0x0000, 0x0000, 0x0000, 0x0000, 0x0000, 0x0000}, // Znak pusty
    {0x0000, 0x0000, 0x0000, 0xC300, 0xC300, 0xC300, 0xC300, 0xC300, 0xC300, 0xC300, 0xC300, 0xC300, 0xFF00, 0x1800, 0x1800, 0x0000}, // Znak 1039
    {0x0000, 0x0000, 0x0000, 0x1800, 0x1800, 0x3C00, 0x3C00, 0x6600, 0x6600, 0xFF00, 0xC300, 0xC300, 0xC300, 0x0000, 0x0000, 0x0000}, // Znak 1040
    {0x0000, 0x0000, 0x0000, 0xFC00, 0xC000, 0xC000, 0xC000, 0xFC00, 0xC600, 0xC600, 0xC600, 0xC600, 0xFC00, 0x0000, 0x0000, 0x0000}, // Znak 1041
    {0x0000, 0x0000, 0x0000, 0xFC00, 0xC600, 0xC600, 0xC600, 0xFC00, 0xC600, 0xC600, 0xC600, 0xC600, 0xFC00, 0x0000, 0x0000, 0x0000}, // Znak 1042
    {0x0000, 0x0000, 0x0000, 0xFC00, 0xC000, 0xC000, 0xC000, 0xC000, 0xC000, 0xC000, 0xC000, 0xC000, 0xC000, 0x0000, 0x0000, 0x0000}, // Znak 1043
    {0x0000, 0x0000, 0x0000, 0x3F80, 0x3180, 0x3180, 0x3180, 0x3180, 0x3180, 0x3180, 0x3180, 0x6180, 0xFFC0, 0xC0C0, 0x0000, 0x0000}, // Znak 1044
    {0x0000, 0x0000, 0x0000, 0xFE00, 0xC000, 0xC000, 0xC000, 0xF800, 0xC000, 0xC000, 0xC000, 0xC000, 0xFE00, 0x0000, 0x0000, 0x0000}, // Znak 1045
    {0x0000, 0x0000, 0x0000, 0xCCC0, 0xCCC0, 0x6D80, 0x3F00, 0x1E00, 0x3F00, 0x6D80, 0xCCC0, 0xCCC0, 0xCCC0, 0x0000, 0x0000, 0x0000}, // Znak 1046
    {0x0000, 0x0000, 0x0000, 0x7C00, 0xC600, 0x0600, 0x0600, 0x3C00, 0x0600, 0x0600, 0x0600, 0xC600, 0x7C00, 0x0000, 0x0000, 0x0000}, // Znak 1047
    {0x0000, 0x0000, 0x0000, 0xC180, 0xC180, 0xC380, 0xC780, 0xCD80, 0xD980, 0xF180, 0xE180, 0xC180, 0xC180, 0x0000, 0x0000, 0x0000}, // Znak 1048
    {0x2200, 0x1C00, 0x0000, 0xC180, 0xC180, 0xC380, 0xC780, 0xCD80, 0xD980, 0xF180, 0xE180, 0xC180, 0xC180, 0x0000, 0x0000, 0x0000}, // Znak 1049
    {0x0000, 0x0000, 0x0000, 0xC600, 0xCC00, 0xD800, 0xF000, 0xE000, 0xF000, 0xD800, 0xCC00, 0xC600, 0xC200, 0x0000, 0x0000, 0x0000}, // Znak 1050
    {0x0000, 0x0000, 0x0000, 0x3F00, 0x6300, 0x6300, 0x6300, 0x6300, 0x6300, 0x6300, 0x6300, 0x6300, 0xC300, 0x0000, 0x0000, 0x0000}, // Znak 1051
    {0x0000, 0x0000, 0x0000, 0xC180, 0xE380, 0xF780, 0xFF80, 0xDD80, 0xC980, 0xC180, 0xC180, 0xC180, 0xC180, 0x0000, 0x0000, 0x0000}, // Znak 1052
    {0x0000, 0x0000, 0x0000, 0xC600, 0xC600, 0xC600, 0xC600, 0xFE00, 0xC600, 0xC600, 0xC600, 0xC600, 0xC600, 0x0000, 0x0000, 0x0000}, // Znak 1053
    {0x0000, 0x0000, 0x0000, 0x7C00, 0xC600, 0xC600, 0xC600, 0xC600, 0xC600, 0xC600, 0xC600, 0xC600, 0x7C00, 0x0000, 0x0000, 0x0000}, // Znak 1054
    {0x0000, 0x0000, 0x0000, 0xFE00, 0xC600, 0xC600, 0xC600, 0xC600, 0xC600, 0xC600, 0xC600, 0xC600, 0xC600, 0x0000, 0x0000, 0x0000}, // Znak 1055
    {0x0000, 0x0000, 0x0000, 0xFC00, 0xC600, 0xC600, 0xC600, 0xFC00, 0xC000, 0xC000, 0xC000, 0xC000, 0xC000, 0x0000, 0x0000, 0x0000}, // Znak 1056
    {0x0000, 0x0000, 0x0000, 0x7C00, 0xC600, 0xC000, 0xC000, 0xC000, 0xC000, 0xC000, 0xC000, 0xC600, 0x7C00, 0x0000, 0x0000, 0x0000}, // Znak 1057
    {0x0000, 0x0000, 0x0000, 0xFC00, 0x3000, 0x3000, 0x3000, 0x3000, 0x3000, 0x3000, 0x3000, 0x3000, 0x3000, 0x0000, 0x0000, 0x0000}, // Znak 1058
    {0x0000, 0x0000, 0x0000, 0xC600, 0xC600, 0xC600, 0xC600, 0x7E00, 0x0600, 0x0600, 0x0600, 0xC600, 0x7C00, 0x0000, 0x0000, 0x0000}, // Znak 1059
    {0x0000, 0x0000, 0x0000, 0x1800, 0x7E00, 0xDB00, 0xDB00, 0xDB00, 0xDB00, 0xDB00, 0xDB00, 0x7E00, 0x1800, 0x0000, 0x0000, 0x0000}, // Znak 1060
    {0x0000, 0x0000, 0x0000, 0xC600, 0xC600, 0xC600, 0x6C00, 0x3800, 0x6C00, 0xC600, 0xC600, 0xC600, 0xC600, 0x0000, 0x0000, 0x0000}, // Znak 1061
    {0x0000, 0x0000, 0x0000, 0xC600, 0xC600, 0xC600, 0xC600, 0xC600, 0xC600, 0xC600, 0xC600, 0xC600, 0xFF00, 0x0300, 0x0300, 0x0000}, // Znak 1062
    {0x0000, 0x0000, 0x0000, 0xC600, 0xC600, 0xC600, 0xC600, 0x7E00, 0x0600, 0x0600, 0x0600, 0x0600, 0x0600, 0x0000, 0x0000, 0x0000}, // Znak 1063
    {0x0000, 0x0000, 0x0000, 0xCCC0, 0xCCC0, 0xCCC0, 0xCCC0, 0xCCC0, 0xCCC0, 0xCCC0, 0xCCC0, 0xCCC0, 0xFFC0, 0x0000, 0x0000, 0x0000}, // Znak 1064
    {0x0000, 0x0000, 0x0000, 0xCCC0, 0xCCC0, 0xCCC0, 0xCCC0, 0xCCC0, 0xCCC0, 0xCCC0, 0xCCC0, 0xCCC0, 0xFFE0, 0x0060, 0x0060, 0x0000}, // Znak 1065
    {0x0000, 0x0000, 0x0000, 0xE000, 0xE000, 0x6000, 0x6000, 0x7C00, 0x6600, 0x6600, 0x6600, 0x6600, 0x7C00, 0x0000, 0x0000, 0x0000}, // Znak 1066
    {0x0000, 0x0000, 0x0000, 0xC180, 0xC180, 0xC180, 0xC180, 0xF980, 0xCD80, 0xCD80, 0xCD80, 0xCD80, 0xF980, 0x0000, 0x0000, 0x0000}, // Znak 1067
    {0x0000, 0x0000, 0x0000, 0xC000, 0xC000, 0xC000, 0xC000, 0xF800, 0xCC00, 0xCC00, 0xCC00, 0xCC00, 0xF800, 0x0000, 0x0000, 0x0000}, // Znak 1068
    {0x0000, 0x0000, 0x0000, 0x7C00, 0xC600, 0x0600, 0x0600, 0x3E00, 0x0600, 0x0600, 0x0600, 0xC600, 0x7C00, 0x0000, 0x0000, 0x0000}, // Znak 1069
    {0x0000, 0x0000, 0x0000, 0xCF80, 0xD8C0, 0xD8C0, 0xD8C0, 0xF8C0, 0xD8C0, 0xD8C0, 0xD8C0, 0xD8C0, 0xCF80, 0x0000, 0x0000, 0x0000}, // Znak 1070
    {0x0000, 0x0000, 0x0000, 0x7E00, 0xC600, 0xC600, 0xC600, 0x7E00, 0x1E00, 0x3600, 0x6600, 0xC600, 0xC600, 0x0000, 0x0000, 0x0000}, // Znak 1071
    {0x0000, 0x0000, 0x0000, 0x0000, 0x0000, 0x0000, 0x7800, 0xCC00, 0x0C00, 0x7C00, 0xCC00, 0xCC00, 0x7C00, 0x0000, 0x0000, 0x0000}, // Znak 1072
    {0x0000, 0x0000, 0x0000, 0x0C00, 0x7800, 0xC000, 0xF800, 0xCC00, 0xCC00, 0xCC00, 0xCC00, 0xCC00, 0x7800, 0x0000, 0x0000, 0x0000}, // Znak 1073
    {0x0000, 0x0000, 0x0000, 0x0000, 0x0000, 0x0000, 0xF800, 0xCC00, 0xCC00, 0xF800, 0xCC00, 0xCC00, 0xF800, 0x0000, 0x0000, 0x0000}, // Znak 1074
    {0x0000, 0x0000, 0x0000, 0x0000, 0x0000, 0x0000, 0xF000, 0xC000, 0xC000, 0xC000, 0xC000, 0xC000, 0xC000, 0x0000, 0x0000, 0x0000}, // Znak 1075
    {0x0000, 0x0000, 0x0000, 0x0000, 0x0000, 0x0000, 0x3F00, 0x3300, 0x3300, 0x3300, 0x3300, 0x6300, 0xFF80, 0xC180, 0x0000, 0x0000}, // Znak 1076
    {0x0000, 0x0000, 0x0000, 0x0000, 0x0000, 0x0000, 0x7800, 0xCC00, 0xCC00, 0xFC00, 0xC000, 0xCC00, 0x7800, 0x0000, 0x0000, 0x0000}, // Znak 1077
    {0x0000, 0x0000, 0x0000, 0x0000, 0x0000, 0x0000, 0xDB00, 0xDB00, 0x7E00, 0x3C00, 0x7E00, 0xDB00, 0xDB00, 0x0000, 0x0000, 0x0000}, // Znak 1078
    {0x0000, 0x0000, 0x0000, 0x0000, 0x0000, 0x0000, 0x7800, 0xCC00, 0x0C00, 0x3800, 0x0C00, 0xCC00, 0x7800, 0x0000, 0x0000, 0x0000}, // Znak 1079
    {0x0000, 0x0000, 0x0000, 0x0000, 0x0000, 0x0000, 0xC600, 0xC600, 0xCE00, 0xDE00, 0xF600, 0xE600, 0xC600, 0x0000, 0x0000, 0x0000}, // Znak 1080
    {0x0000, 0x0000, 0x0000, 0x4400, 0x3800, 0x0000, 0xC600, 0xC600, 0xCE00, 0xDE00, 0xF600, 0xE600, 0xC600, 0x0000, 0x0000, 0x0000}, // Znak 1081
    {0x0000, 0x0000, 0x0000, 0x0000, 0x0000, 0x0000, 0xCC00, 0xD800, 0xF000, 0xE000, 0xF000, 0xD800, 0xCC00, 0x0000, 0x0000, 0x0000}, // Znak 1082
    {0x0000, 0x0000, 0x0000, 0x0000, 0x0000, 0x0000, 0x3E00, 0x6600, 0x6600, 0x6600, 0x6600, 0x6600, 0xC600, 0x0000, 0x0000, 0x0000}, // Znak 1083
    {0x0000, 0x0000, 0x0000, 0x0000, 0x0000, 0x0000, 0xC600, 0xEE00, 0xFE00, 0xD600, 0xC600, 0xC600, 0xC600, 0x0000, 0x0000, 0x0000}, // Znak 1084
    {0x0000, 0x0000, 0x0000, 0x0000, 0x0000, 0x0000, 0xCC00, 0xCC00, 0xCC00, 0xFC00, 0xCC00, 0xCC00, 0xCC00, 0x0000, 0x0000, 0x0000}, // Znak 1085
    {0x0000, 0x0000, 0x0000, 0x0000, 0x0000, 0x0000, 0x7800, 0xCC00, 0xCC00, 0xCC00, 0xCC00, 0xCC00, 0x7800, 0x0000, 0x0000, 0x0000}, // Znak 1086
    {0x0000, 0x0000, 0x0000, 0x0000, 0x0000, 0x0000, 0xFC00, 0xCC00, 0xCC00, 0xCC00, 0xCC00, 0xCC00, 0xCC00, 0x0000, 0x0000, 0x0000}, // Znak 1087
    {0x0000, 0x0000, 0x0000, 0x0000, 0x0000, 0x0000, 0xF800, 0xCC00, 0xCC00, 0xCC00, 0xCC00, 0xCC00, 0xF800, 0xC000, 0xC000, 0xC000}, // Znak 1088
    {0x0000, 0x0000, 0x0000, 0x0000, 0x0000, 0x0000, 0x7800, 0xCC00, 0xC000, 0xC000, 0xC000, 0xCC00, 0x7800, 0x0000, 0x0000, 0x0000}, // Znak 1089
    {0x0000, 0x0000, 0x0000, 0x0000, 0x0000, 0x0000, 0xFC00, 0x3000, 0x3000, 0x3000, 0x3000, 0x3000, 0x3000, 0x0000, 0x0000, 0x0000}, // Znak 1090
    {0x0000, 0x0000, 0x0000, 0x0000, 0x0000, 0x0000, 0xCC00, 0xCC00, 0xCC00, 0xCC00, 0xCC00, 0xCC00, 0x7C00, 0x0C00, 0x0C00, 0x7800}, // Znak 1091
    {0x0000, 0x0000, 0x0000, 0x1800, 0x1800, 0x1800, 0x7E00, 0xDB00, 0xDB00, 0xDB00, 0xDB00, 0xDB00, 0x7E00, 0x1800, 0x1800, 0x1800}, // Znak 1092
    {0x0000, 0x0000, 0x0000, 0x0000, 0x0000, 0x0000, 0xCC00, 0xCC00, 0x7800, 0x3000, 0x7800, 0xCC00, 0xCC00, 0x0000, 0x0000, 0x0000}, // Znak 1093
    {0x0000, 0x0000, 0x0000, 0x0000, 0x0000, 0x0000, 0xCC00, 0xCC00, 0xCC00, 0xCC00, 0xCC00, 0xCC00, 0xFE00, 0x0600, 0x0600, 0x0000}, // Znak 1094
    {0x0000, 0x0000, 0x0000, 0x0000, 0x0000, 0x0000, 0xCC00, 0xCC00, 0xCC00, 0x7C00, 0x0C00, 0x0C00, 0x0C00, 0x0000, 0x0000, 0x0000}, // Znak 1095
    {0x0000, 0x0000, 0x0000, 0x0000, 0x0000, 0x0000, 0xDB00, 0xDB00, 0xDB00, 0xDB00, 0xDB00, 0xDB00, 0xFF00, 0x0000, 0x0000, 0x0000}, // Znak 1096
    {0x0000, 0x0000, 0x0000, 0x0000, 0x0000, 0x0000, 0xDB00, 0xDB00, 0xDB00, 0xDB00, 0xDB00, 0xDB00, 0xFF80, 0x0180, 0x0180, 0x0000}, // Znak 1097
    {0x0000, 0x0000, 0x0000, 0x0000, 0x0000, 0x0000, 0xE000, 0xE000, 0x6000, 0x7C00, 0x6600, 0x6600, 0x7C00, 0x0000, 0x0000, 0x0000}, // Znak 1098
    {0x0000, 0x0000, 0x0000, 0x0000, 0x0000, 0x0000, 0xC180, 0xC180, 0xC180, 0xF980, 0xCD80, 0xCD80, 0xF980, 0x0000, 0x0000, 0x0000}, // Znak 1099
    {0x0000, 0x0000, 0x0000, 0x0000, 0x0000, 0x0000, 0xC000, 0xC000, 0xC000, 0xF800, 0xCC00, 0xCC00, 0xF800, 0x0000, 0x0000, 0x0000}, // Znak 1100
    {0x0000, 0x0000, 0x0000, 0x0000, 0x0000, 0x0000, 0x7800, 0xCC00, 0x0C00, 0x3C00, 0x0C00, 0xCC00, 0x7800, 0x0000, 0x0000, 0x0000}, // Znak 1101
    {0x0000, 0x0000, 0x0000, 0x0000, 0x0000, 0x0000, 0xCF00, 0xD980, 0xD980, 0xF980, 0xD980, 0xD980, 0xCF00, 0x0000, 0x0000, 0x0000}, // Znak 1102
    {0x0000, 0x0000, 0x0000, 0x0000, 0x0000, 0x0000, 0x7C00, 0xCC00, 0xCC00, 0x7C00, 0x3C00, 0x6C00, 0xCC00, 0x0000, 0x0000, 0x0000}, // Znak 1103
    {0x0000, 0x0000, 0x0000, 0x0000, 0x0000, 0x0000, 0x0000, 0x0000, 0x0000, 0x0000, 0x0000, 0x0000, 0x0000, 0x0000, 0x0000, 0x0000}, // Znak pusty
    {0x0000, 0x0000, 0x0000, 0xCC00, 0x0000, 0x0000, 0x7800, 0xCC00, 0xCC00, 0xFC00, 0xC000, 0xCC00, 0x7800, 0x0000, 0x0000, 0x0000}, // Znak 1105
    {0x0000, 0x0000, 0x0000, 0x6000, 0xFC00, 0x6000, 0x7C00, 0x6600, 0x6600, 0x6600, 0x6600, 0x6600, 0x6600, 0x0600, 0x0600, 0x1C00}, // Znak 1106
    {0x0000, 0x0000, 0x0000, 0x0000, 0x0000, 0x0000, 0x0000, 0x0000, 0x0000, 0x0000, 0x0000, 0x0000, 0x0000, 0x0000, 0x0000, 0x0000}, // Znak pusty
    {0x0000, 0x0000, 0x0000, 0x0000, 0x0000, 0x0000, 0x7800, 0xCC00, 0xC000, 0xF000, 0xC000, 0xCC00, 0x7800, 0x0000, 0x0000, 0x0000}, // Znak 1108
    {0x0000, 0x0000, 0x0000, 0x0000, 0x0000, 0x0000, 0x0000, 0x0000, 0x0000, 0x0000, 0x0000, 0x0000, 0x0000, 0x0000, 0x0000, 0x0000}, // Znak pusty
    {0x0000, 0x0000, 0x0000, 0xC000, 0x0000, 0x0000, 0xC000, 0xC000, 0xC000, 0xC000, 0xC000, 0xC000, 0xC000, 0x0000, 0x0000, 0x0000}, // Znak 1110
    {0x0000, 0x0000, 0x0000, 0x9000, 0x0000, 0x0000, 0x6000, 0x6000, 0x6000, 0x6000, 0x6000, 0x6000, 0x6000, 0x0000, 0x0000, 0x0000}, // Znak 1111
    {0x0000, 0x0000, 0x0000, 0x6000, 0x0000, 0x0000, 0x6000, 0x6000, 0x6000, 0x6000, 0x6000, 0x6000, 0x6000, 0x6000, 0x6000, 0xC000}, // Znak 1112
    {0x0000, 0x0000, 0x0000, 0x0000, 0x0000, 0x0000, 0x3E00, 0x6600, 0x6600, 0x67C0, 0x6660, 0x6660, 0xC7C0, 0x0000, 0x0000, 0x0000}, // Znak 1113
    {0x0000, 0x0000, 0x0000, 0x0000, 0x0000, 0x0000, 0xCC00, 0xCC00, 0xCC00, 0xFF80, 0xCCC0, 0xCCC0, 0xCF80, 0x0000, 0x0000, 0x0000}, // Znak 1114
    {0x0000, 0x0000, 0x0000, 0x6000, 0xFC00, 0x6000, 0x7C00, 0x6600, 0x6600, 0x6600, 0x6600, 0x6600, 0x6600, 0x0000, 0x0000, 0x0000}, // Znak 1115
    {0x0000, 0x0000, 0x0000, 0x0000, 0x0000, 0x0000, 0x0000, 0x0000, 0x0000, 0x0000, 0x0000, 0x0000, 0x0000, 0x0000, 0x0000, 0x0000}, // Znak pusty
    {0x0000, 0x0000, 0x0000, 0x0000, 0x0000, 0x0000, 0x0000, 0x0000, 0x0000, 0x0000, 0x0000, 0x0000, 0x0000, 0x0000, 0x0000, 0x0000}, // Znak pusty
    {0x0000, 0x0000, 0x0000, 0x0000, 0x0000, 0x0000, 0x0000, 0x0000, 0x0000, 0x0000, 0x0000, 0x0000, 0x0000, 0x0000, 0x0000, 0x0000}, // Znak pusty
    {0x0000, 0x0000, 0x0000, 0x0000, 0x0000, 0x0000, 0xCC00, 0xCC00, 0xCC00, 0xCC00, 0xCC00, 0xCC00, 0xFC00, 0x3000, 0x3000, 0x0000}, // Znak 1119
    {0x0000, 0x0000, 0x0000, 0x0000, 0x0000, 0x0000, 0x0000, 0x0000, 0x0000, 0x0000, 0x0000, 0x0000, 0x0000, 0x0000, 0x0000, 0x0000}, // Znak pusty
    {0x0000, 0x0000, 0x0000, 0x0000, 0x0000, 0x0000, 0x0000, 0x0000, 0x0000, 0x0000, 0x0000, 0x0000, 0x0000, 0x0000, 0x0000, 0x0000}, // Znak pusty
    {0x0000, 0x0000, 0x0000, 0x0000, 0x0000, 0x0000, 0x0000, 0x0000, 0x0000, 0x0000, 0x0000, 0x0000, 0x0000, 0x0000, 0x0000, 0x0000}, // Znak pusty
    {0x0000, 0x0000, 0x0000, 0x0000, 0x0000, 0x0000, 0x0000, 0x0000, 0x0000, 0x0000, 0x0000, 0x0000, 0x0000, 0x0000, 0x0000, 0x0000}, // Znak pusty
    {0x0000, 0x0000, 0x0000, 0x0000, 0x0000, 0x0000, 0x0000, 0x0000, 0x0000, 0x0000, 0x0000, 0x0000, 0x0000, 0x0000, 0x0000, 0x0000}, // Znak pusty
    {0x0000, 0x0000, 0x0000, 0x0000, 0x0000, 0x0000, 0x0000, 0x0000, 0x0000, 0x0000, 0x0000, 0x0000, 0x0000, 0x0000, 0x0000, 0x0000}, // Znak pusty
    {0x0000, 0x0000, 0x0000, 0x0000, 0x0000, 0x0000, 0x0000, 0x0000, 0x0000, 0x0000, 0x0000, 0x0000, 0x0000, 0x0000, 0x0000, 0x0000}, // Znak pusty
    {0x0000, 0x0000, 0x0000, 0x0000, 0x0000, 0x0000, 0x0000, 0x0000, 0x0000, 0x0000, 0x0000, 0x0000, 0x0000, 0x0000, 0x0000, 0x0000}, // Znak pusty
    {0x0000, 0x0000, 0x0000, 0x0000, 0x0000, 0x0000, 0x0000, 0x0000, 0x0000, 0x0000, 0x0000, 0x0000, 0x0000, 0x0000, 0x0000, 0x0000}, // Znak pusty
    {0x0000, 0x0000, 0x0000, 0x0000, 0x0000, 0x0000, 0x0000, 0x0000, 0x0000, 0x0000, 0x0000, 0x0000, 0x0000, 0x0000, 0x0000, 0x0000}, // Znak pusty
    {0x0000, 0x0000, 0x0000, 0x0000, 0x0000, 0x0000, 0x0000, 0x0000, 0x0000, 0x0000, 0x0000, 0x0000, 0x0000, 0x0000, 0x0000, 0x0000}, // Znak pusty
    {0x0000, 0x0000, 0x0000, 0x0000, 0x0000, 0x0000, 0x0000, 0x0000, 0x0000, 0x0000, 0x0000, 0x0000, 0x0000, 0x0000, 0x0000, 0x0000}, // Znak pusty
    {0x0000, 0x0000, 0x0000, 0x0000, 0x0000, 0x0000, 0x0000, 0x0000, 0x0000, 0x0000, 0x0000, 0x0000, 0x0000, 0x0000, 0x0000, 0x0000}, // Znak pusty
    {0x0000, 0x0000, 0x0000, 0x0000, 0x0000, 0x0000, 0x0000, 0x0000, 0x0000, 0x0000, 0x0000, 0x0000, 0x0000, 0x0000, 0x0000, 0x0000}, // Znak pusty
    {0x0000, 0x0000, 0x0000, 0x0000, 0x0000, 0x0000, 0x0000, 0x0000, 0x0000, 0x0000, 0x0000, 0x0000, 0x0000, 0x0000, 0x0000, 0x0000}, // Znak pusty
    {0x0000, 0x0000, 0x0000, 0x0000, 0x0000, 0x0000, 0x0000, 0x0000, 0x0000, 0x0000, 0x0000, 0x0000, 0x0000, 0x0000, 0x0000, 0x0000}, // Znak pusty
    {0x0000, 0x0000, 0x0000, 0x0000, 0x0000, 0x0000, 0x0000, 0x0000, 0x0000, 0x0000, 0x0000, 0x0000, 0x0000, 0x0000, 0x0000, 0x0000}, // Znak pusty
    {0x0000, 0x0000, 0x0000, 0x0000, 0x0000, 0x0000, 0x0000, 0x0000, 0x0000, 0x0000, 0x0000, 0x0000, 0x0000, 0x0000, 0x0000, 0x0000}, // Znak pusty
    {0x0000, 0x0000, 0x0000, 0x0000, 0x0000, 0x0000, 0x0000, 0x0000, 0x0000, 0x0000, 0x0000, 0x0000, 0x0000, 0x0000, 0x0000, 0x0000}, // Znak pusty
    {0x0000, 0x0000, 0x0000, 0x0000, 0x0000, 0x0000, 0x0000, 0x0000, 0x0000, 0x0000, 0x0000, 0x0000, 0x0000, 0x0000, 0x0000, 0x0000}, // Znak pusty
    {0x0000, 0x0000, 0x0000, 0x0000, 0x0000, 0x0000, 0x0000, 0x0000, 0x0000, 0x0000, 0x0000, 0x0000, 0x0000, 0x0000, 0x0000, 0x0000}, // Znak pusty
    {0x0000, 0x0000, 0x0000, 0x0000, 0x0000, 0x0000, 0x0000, 0x0000, 0x0000, 0x0000, 0x0000, 0x0000, 0x0000, 0x0000, 0x0000, 0x0000}, // Znak pusty
    {0x0000, 0x0000, 0x0000, 0x0000, 0x0000, 0x0000, 0x0000, 0x0000, 0x0000, 0x0000, 0x0000, 0x0000, 0x0000, 0x0000, 0x0000, 0x0000}, // Znak pusty
    {0x0000, 0x0000, 0x0000, 0x0000, 0x0000, 0x0000, 0x0000, 0x0000, 0x0000, 0x0000, 0x0000, 0x0000, 0x0000, 0x0000, 0x0000, 0x0000}, // Znak pusty
    {0x0000, 0x0000, 0x0000, 0x0000, 0x0000, 0x0000, 0x0000, 0x0000, 0x0000, 0x0000, 0x0000, 0x0000, 0x0000, 0x0000, 0x0000, 0x0000}, // Znak pusty
    {0x0000, 0x0000, 0x0000, 0x0000, 0x0000, 0x0000, 0x0000, 0x0000, 0x0000, 0x0000, 0x0000, 0x0000, 0x0000, 0x0000, 0x0000, 0x0000}, // Znak pusty
    {0x0000, 0x0000, 0x0000, 0x0000, 0x0000, 0x0000, 0x0000, 0x0000, 0x0000, 0x0000, 0x0000, 0x0000, 0x0000, 0x0000, 0x0000, 0x0000}, // Znak pusty
    {0x0000, 0x0000, 0x0000, 0x0000, 0x0000, 0x0000, 0x0000, 0x0000, 0x0000, 0x0000, 0x0000, 0x0000, 0x0000, 0x0000, 0x0000, 0x0000}, // Znak pusty
    {0x0000, 0x0000, 0x0000, 0x0000, 0x0000, 0x0000, 0x0000, 0x0000, 0x0000, 0x0000, 0x0000, 0x0000, 0x0000, 0x0000, 0x0000, 0x0000}, // Znak pusty
    {0x0000, 0x0000, 0x0000, 0x0000, 0x0000, 0x0000, 0x0000, 0x0000, 0x0000, 0x0000, 0x0000, 0x0000, 0x0000, 0x0000, 0x0000, 0x0000}, // Znak pusty
    {0x0000, 0x0000, 0x0000, 0x0000, 0x0000, 0x0000, 0x0000, 0x0000, 0x0000, 0x0000, 0x0000, 0x0000, 0x0000, 0x0000, 0x0000, 0x0000}, // Znak pusty
    {0x0000, 0x0000, 0x0000, 0x0000, 0x0000, 0x0000, 0x0000, 0x0000, 0x0000, 0x0000, 0x0000, 0x0000, 0x0000, 0x0000, 0x0000, 0x0000}, // Znak pusty
    {0x0000, 0x0000, 0x0000, 0x0000, 0x0000, 0x0000, 0x0000, 0x0000, 0x0000, 0x0000, 0x0000, 0x0000, 0x0000, 0x0000, 0x0000, 0x0000}, // Znak pusty
    {0x0000, 0x0000, 0x0000, 0x0000, 0x0000, 0x0000, 0x0000, 0x0000, 0x0000, 0x0000, 0x0000, 0x0000, 0x0000, 0x0000, 0x0000, 0x0000}, // Znak pusty
    {0x0000, 0x0000, 0x0000, 0x0000, 0x0000, 0x0000, 0x0000, 0x0000, 0x0000, 0x0000, 0x0000, 0x0000, 0x0000, 0x0000, 0x0000, 0x0000}, // Znak pusty
    {0x0000, 0x0000, 0x0000, 0x0000, 0x0000, 0x0000, 0x0000, 0x0000, 0x0000, 0x0000, 0x0000, 0x0000, 0x0000, 0x0000, 0x0000, 0x0000}, // Znak pusty
    {0x0000, 0x0000, 0x0000, 0x0000, 0x0000, 0x0000, 0x0000, 0x0000, 0x0000, 0x0000, 0x0000, 0x0000, 0x0000, 0x0000, 0x0000, 0x0000}, // Znak pusty
    {0x0000, 0x0000, 0x0000, 0x0000, 0x0000, 0x0000, 0x0000, 0x0000, 0x0000, 0x0000, 0x0000, 0x0000, 0x0000, 0x0000, 0x0000, 0x0000}, // Znak pusty
    {0x0000, 0x0000, 0x0000, 0x0000, 0x0000, 0x0000, 0x0000, 0x0000, 0x0000, 0x0000, 0x0000, 0x0000, 0x0000, 0x0000, 0x0000, 0x0000}, // Znak pusty
    {0x0000, 0x0000, 0x0000, 0x0000, 0x0000, 0x0000, 0x0000, 0x0000, 0x0000, 0x0000, 0x0000, 0x0000, 0x0000, 0x0000, 0x0000, 0x0000}, // Znak pusty
    {0x0000, 0x0000, 0x0000, 0x0000, 0x0000, 0x0000, 0x0000, 0x0000, 0x0000, 0x0000, 0x0000, 0x0000, 0x0000, 0x0000, 0x0000, 0x0000}, // Znak pusty
    {0x0000, 0x0000, 0x0000, 0x0000, 0x0000, 0x0000, 0x0000, 0x0000, 0x0000, 0x0000, 0x0000, 0x0000, 0x0000, 0x0000, 0x0000, 0x0000}, // Znak pusty
    {0x0000, 0x0000, 0x0000, 0x0000, 0x0000, 0x0000, 0x0000, 0x0000, 0x0000, 0x0000, 0x0000, 0x0000, 0x0000, 0x0000, 0x0000, 0x0000}, // Znak pusty
    {0x0000, 0x0000, 0x0000, 0x0000, 0x0000, 0x0000, 0x0000, 0x0000, 0x0000, 0x0000, 0x0000, 0x0000, 0x0000, 0x0000, 0x0000, 0x0000}, // Znak pusty
    {0x0000, 0x0000, 0x0000, 0x0000, 0x0000, 0x0000, 0x0000, 0x0000, 0x0000, 0x0000, 0x0000, 0x0000, 0x0000, 0x0000, 0x0000, 0x0000}, // Znak pusty
    {0x0000, 0x0000, 0x0000, 0x0000, 0x0000, 0x0000, 0x0000, 0x0000, 0x0000, 0x0000, 0x0000, 0x0000, 0x0000, 0x0000, 0x0000, 0x0000}, // Znak pusty
    {0x0000, 0x0000, 0x0000, 0x0000, 0x0000, 0x0000, 0x0000, 0x0000, 0x0000, 0x0000, 0x0000, 0x0000, 0x0000, 0x0000, 0x0000, 0x0000}, // Znak pusty
    {0x0000, 0x0000, 0x0000, 0x0000, 0x0000, 0x0000, 0x0000, 0x0000, 0x0000, 0x0000, 0x0000, 0x0000, 0x0000, 0x0000, 0x0000, 0x0000}, // Znak pusty
    {0x0000, 0x0C00, 0x0C00, 0xFC00, 0xC000, 0xC000, 0xC000, 0xC000, 0xC000, 0xC000, 0xC000, 0xC000, 0xC000, 0x0000, 0x0000, 0x0000}, // Znak 1168
    {0x0000, 0x0000, 0x0000, 0x0000, 0x1800, 0x1800, 0xF800, 0xC000, 0xC000, 0xC000, 0xC000, 0xC000, 0xC000, 0x0000, 0x0000, 0x0000}, // Znak 1169
};

// Tablica zmiennych szerokosci
static const uint8_t nowa_czcionka_szerokosci[1170] = {
    4, // Znak 0
    8, // Znak 1
    8, // Znak 2
    8, // Znak 3
    8, // Znak 4
    8, // Znak 5
    8, // Znak 6
    8, // Znak 7
    8, // Znak 8
    8, // Znak 9
    8, // Znak 10
    8, // Znak 11
    8, // Znak 12
    8, // Znak 13
    8, // Znak 14
    8, // Znak 15
    8, // Znak 16
    8, // Znak 17
    8, // Znak 18
    8, // Znak 19
    8, // Znak 20
    8, // Znak 21
    8, // Znak 22
    8, // Znak 23
    8, // Znak 24
    8, // Znak 25
    8, // Znak 26
    8, // Znak 27
    8, // Znak 28
    8, // Znak 29
    8, // Znak 30
    8, // Znak 31
    2, // Znak 32
    2, // Znak 33
    5, // Znak 34
    7, // Znak 35
    8, // Znak 36
    11, // Znak 37
    8, // Znak 38
    2, // Znak 39
    4, // Znak 40
    4, // Znak 41
    6, // Znak 42
    6, // Znak 43
    3, // Znak 44
    5, // Znak 45
    2, // Znak 46
    5, // Znak 47
    6, // Znak 48
    4, // Znak 49
    6, // Znak 50
    6, // Znak 51
    6, // Znak 52
    6, // Znak 53
    6, // Znak 54
    6, // Znak 55
    6, // Znak 56
    6, // Znak 57
    2, // Znak 58
    3, // Znak 59
    6, // Znak 60
    6, // Znak 61
    6, // Znak 62
    6, // Znak 63
    11, // Znak 64
    8, // Znak 65
    7, // Znak 66
    7, // Znak 67
    7, // Znak 68
    7, // Znak 69
    7, // Znak 70
    7, // Znak 71
    7, // Znak 72
    2, // Znak 73
    7, // Znak 74
    7, // Znak 75
    7, // Znak 76
    9, // Znak 77
    9, // Znak 78
    7, // Znak 79
    7, // Znak 80
    7, // Znak 81
    7, // Znak 82
    7, // Znak 83
    6, // Znak 84
    7, // Znak 85
    8, // Znak 86
    9, // Znak 87
    7, // Znak 88
    8, // Znak 89
    7, // Znak 90
    4, // Znak 91
    5, // Znak 92
    4, // Znak 93
    6, // Znak 94
    8, // Znak 95
    3, // Znak 96
    6, // Znak 97
    6, // Znak 98
    6, // Znak 99
    6, // Znak 100
    6, // Znak 101
    4, // Znak 102
    6, // Znak 103
    6, // Znak 104
    2, // Znak 105
    3, // Znak 106
    6, // Znak 107
    2, // Znak 108
    10, // Znak 109
    6, // Znak 110
    6, // Znak 111
    6, // Znak 112
    6, // Znak 113
    4, // Znak 114
    6, // Znak 115
    4, // Znak 116
    6, // Znak 117
    6, // Znak 118
    7, // Znak 119
    5, // Znak 120
    6, // Znak 121
    6, // Znak 122
    6, // Znak 123
    2, // Znak 124
    6, // Znak 125
    8, // Znak 126
    8, // Znak 127
    8, // Znak 128
    8, // Znak 129
    8, // Znak 130
    8, // Znak 131
    8, // Znak 132
    8, // Znak 133
    8, // Znak 134
    8, // Znak 135
    8, // Znak 136
    8, // Znak 137
    8, // Znak 138
    8, // Znak 139
    8, // Znak 140
    8, // Znak 141
    8, // Znak 142
    8, // Znak 143
    8, // Znak 144
    8, // Znak 145
    8, // Znak 146
    8, // Znak 147
    8, // Znak 148
    8, // Znak 149
    8, // Znak 150
    8, // Znak 151
    8, // Znak 152
    8, // Znak 153
    8, // Znak 154
    8, // Znak 155
    8, // Znak 156
    8, // Znak 157
    8, // Znak 158
    8, // Znak 159
    8, // Znak 160
    2, // Znak 161
    8, // Znak 162
    8, // Znak 163
    8, // Znak 164
    8, // Znak 165
    8, // Znak 166
    8, // Znak 167
    8, // Znak 168
    8, // Znak 169
    8, // Znak 170
    8, // Znak 171
    8, // Znak 172
    8, // Znak 173
    8, // Znak 174
    8, // Znak 175
    8, // Znak 176
    8, // Znak 177
    8, // Znak 178
    8, // Znak 179
    8, // Znak 180
    8, // Znak 181
    8, // Znak 182
    8, // Znak 183
    8, // Znak 184
    8, // Znak 185
    8, // Znak 186
    8, // Znak 187
    8, // Znak 188
    8, // Znak 189
    8, // Znak 190
    6, // Znak 191
    8, // Znak 192
    8, // Znak 193
    8, // Znak 194
    8, // Znak 195
    8, // Znak 196
    8, // Znak 197
    11, // Znak 198
    7, // Znak 199
    7, // Znak 200
    7, // Znak 201
    7, // Znak 202
    7, // Znak 203
    8, // Znak 204
    3, // Znak 205
    4, // Znak 206
    4, // Znak 207
    8, // Znak 208
    9, // Znak 209
    8, // Znak 210
    7, // Znak 211
    7, // Znak 212
    7, // Znak 213
    7, // Znak 214
    8, // Znak 215
    7, // Znak 216
    7, // Znak 217
    7, // Znak 218
    7, // Znak 219
    7, // Znak 220
    8, // Znak 221
    8, // Znak 222
    7, // Znak 223
    6, // Znak 224
    6, // Znak 225
    6, // Znak 226
    8, // Znak 227
    6, // Znak 228
    6, // Znak 229
    10, // Znak 230
    6, // Znak 231
    6, // Znak 232
    6, // Znak 233
    6, // Znak 234
    6, // Znak 235
    8, // Znak 236
    3, // Znak 237
    4, // Znak 238
    4, // Znak 239
    8, // Znak 240
    6, // Znak 241
    8, // Znak 242
    6, // Znak 243
    6, // Znak 244
    6, // Znak 245
    6, // Znak 246
    8, // Znak 247
    7, // Znak 248
    6, // Znak 249
    6, // Znak 250
    6, // Znak 251
    6, // Znak 252
    6, // Znak 253
    8, // Znak 254
    6, // Znak 255
    8, // Znak 256
    6, // Znak 257
    8, // Znak 258
    8, // Znak 259
    8, // Znak 260
    6, // Znak 261
    7, // Znak 262
    6, // Znak 263
    8, // Znak 264
    8, // Znak 265
    8, // Znak 266
    8, // Znak 267
    7, // Znak 268
    6, // Znak 269
    7, // Znak 270
    8, // Znak 271
    8, // Znak 272
    7, // Znak 273
    7, // Znak 274
    6, // Znak 275
    8, // Znak 276
    8, // Znak 277
    7, // Znak 278
    6, // Znak 279
    7, // Znak 280
    6, // Znak 281
    7, // Znak 282
    6, // Znak 283
    8, // Znak 284
    8, // Znak 285
    7, // Znak 286
    6, // Znak 287
    8, // Znak 288
    8, // Znak 289
    7, // Znak 290
    6, // Znak 291
    8, // Znak 292
    8, // Znak 293
    8, // Znak 294
    8, // Znak 295
    8, // Znak 296
    8, // Znak 297
    4, // Znak 298
    4, // Znak 299
    8, // Znak 300
    8, // Znak 301
    2, // Znak 302
    2, // Znak 303
    2, // Znak 304
    2, // Znak 305
    8, // Znak 306
    8, // Znak 307
    8, // Znak 308
    8, // Znak 309
    7, // Znak 310
    6, // Znak 311
    8, // Znak 312
    8, // Znak 313
    8, // Znak 314
    7, // Znak 315
    3, // Znak 316
    8, // Znak 317
    8, // Znak 318
    8, // Znak 319
    8, // Znak 320
    7, // Znak 321
    4, // Znak 322
    9, // Znak 323
    6, // Znak 324
    9, // Znak 325
    6, // Znak 326
    9, // Znak 327
    6, // Znak 328
    8, // Znak 329
    8, // Znak 330
    8, // Znak 331
    8, // Znak 332
    8, // Znak 333
    8, // Znak 334
    8, // Znak 335
    8, // Znak 336
    8, // Znak 337
    8, // Znak 338
    8, // Znak 339
    8, // Znak 340
    8, // Znak 341
    8, // Znak 342
    8, // Znak 343
    7, // Znak 344
    4, // Znak 345
    7, // Znak 346
    6, // Znak 347
    8, // Znak 348
    8, // Znak 349
    7, // Znak 350
    6, // Znak 351
    7, // Znak 352
    6, // Znak 353
    8, // Znak 354
    8, // Znak 355
    6, // Znak 356
    5, // Znak 357
    8, // Znak 358
    8, // Znak 359
    8, // Znak 360
    8, // Znak 361
    7, // Znak 362
    6, // Znak 363
    8, // Znak 364
    8, // Znak 365
    7, // Znak 366
    6, // Znak 367
    8, // Znak 368
    8, // Znak 369
    7, // Znak 370
    6, // Znak 371
    8, // Znak 372
    8, // Znak 373
    8, // Znak 374
    8, // Znak 375
    8, // Znak 376
    7, // Znak 377
    6, // Znak 378
    7, // Znak 379
    6, // Znak 380
    7, // Znak 381
    6, // Znak 382
    8, // Znak 383
    8, // Znak 384
    8, // Znak 385
    8, // Znak 386
    8, // Znak 387
    8, // Znak 388
    8, // Znak 389
    8, // Znak 390
    8, // Znak 391
    8, // Znak 392
    8, // Znak 393
    8, // Znak 394
    8, // Znak 395
    8, // Znak 396
    8, // Znak 397
    8, // Znak 398
    8, // Znak 399
    8, // Znak 400
    8, // Znak 401
    8, // Znak 402
    8, // Znak 403
    8, // Znak 404
    8, // Znak 405
    8, // Znak 406
    8, // Znak 407
    8, // Znak 408
    8, // Znak 409
    8, // Znak 410
    8, // Znak 411
    8, // Znak 412
    8, // Znak 413
    8, // Znak 414
    8, // Znak 415
    8, // Znak 416
    8, // Znak 417
    8, // Znak 418
    8, // Znak 419
    8, // Znak 420
    8, // Znak 421
    8, // Znak 422
    8, // Znak 423
    8, // Znak 424
    8, // Znak 425
    8, // Znak 426
    8, // Znak 427
    8, // Znak 428
    8, // Znak 429
    8, // Znak 430
    8, // Znak 431
    8, // Znak 432
    8, // Znak 433
    8, // Znak 434
    8, // Znak 435
    8, // Znak 436
    8, // Znak 437
    8, // Znak 438
    8, // Znak 439
    8, // Znak 440
    8, // Znak 441
    8, // Znak 442
    8, // Znak 443
    8, // Znak 444
    8, // Znak 445
    8, // Znak 446
    8, // Znak 447
    8, // Znak 448
    8, // Znak 449
    8, // Znak 450
    8, // Znak 451
    8, // Znak 452
    8, // Znak 453
    8, // Znak 454
    8, // Znak 455
    8, // Znak 456
    8, // Znak 457
    8, // Znak 458
    8, // Znak 459
    8, // Znak 460
    8, // Znak 461
    8, // Znak 462
    8, // Znak 463
    8, // Znak 464
    8, // Znak 465
    8, // Znak 466
    8, // Znak 467
    8, // Znak 468
    8, // Znak 469
    8, // Znak 470
    8, // Znak 471
    8, // Znak 472
    8, // Znak 473
    8, // Znak 474
    8, // Znak 475
    8, // Znak 476
    8, // Znak 477
    8, // Znak 478
    8, // Znak 479
    8, // Znak 480
    8, // Znak 481
    8, // Znak 482
    8, // Znak 483
    8, // Znak 484
    8, // Znak 485
    8, // Znak 486
    8, // Znak 487
    8, // Znak 488
    8, // Znak 489
    8, // Znak 490
    8, // Znak 491
    8, // Znak 492
    8, // Znak 493
    8, // Znak 494
    8, // Znak 495
    8, // Znak 496
    8, // Znak 497
    8, // Znak 498
    8, // Znak 499
    8, // Znak 500
    8, // Znak 501
    8, // Znak 502
    8, // Znak 503
    8, // Znak 504
    8, // Znak 505
    8, // Znak 506
    8, // Znak 507
    8, // Znak 508
    8, // Znak 509
    8, // Znak 510
    8, // Znak 511
    8, // Znak 512
    8, // Znak 513
    8, // Znak 514
    8, // Znak 515
    8, // Znak 516
    8, // Znak 517
    8, // Znak 518
    8, // Znak 519
    8, // Znak 520
    8, // Znak 521
    8, // Znak 522
    8, // Znak 523
    8, // Znak 524
    8, // Znak 525
    8, // Znak 526
    8, // Znak 527
    8, // Znak 528
    8, // Znak 529
    8, // Znak 530
    8, // Znak 531
    8, // Znak 532
    8, // Znak 533
    8, // Znak 534
    8, // Znak 535
    8, // Znak 536
    8, // Znak 537
    8, // Znak 538
    8, // Znak 539
    8, // Znak 540
    8, // Znak 541
    8, // Znak 542
    8, // Znak 543
    8, // Znak 544
    8, // Znak 545
    8, // Znak 546
    8, // Znak 547
    8, // Znak 548
    8, // Znak 549
    8, // Znak 550
    8, // Znak 551
    8, // Znak 552
    8, // Znak 553
    8, // Znak 554
    8, // Znak 555
    8, // Znak 556
    8, // Znak 557
    8, // Znak 558
    8, // Znak 559
    8, // Znak 560
    8, // Znak 561
    8, // Znak 562
    8, // Znak 563
    8, // Znak 564
    8, // Znak 565
    8, // Znak 566
    8, // Znak 567
    8, // Znak 568
    8, // Znak 569
    8, // Znak 570
    8, // Znak 571
    8, // Znak 572
    8, // Znak 573
    8, // Znak 574
    8, // Znak 575
    8, // Znak 576
    8, // Znak 577
    8, // Znak 578
    8, // Znak 579
    8, // Znak 580
    8, // Znak 581
    8, // Znak 582
    8, // Znak 583
    8, // Znak 584
    8, // Znak 585
    8, // Znak 586
    8, // Znak 587
    8, // Znak 588
    8, // Znak 589
    8, // Znak 590
    8, // Znak 591
    8, // Znak 592
    8, // Znak 593
    8, // Znak 594
    8, // Znak 595
    8, // Znak 596
    8, // Znak 597
    8, // Znak 598
    8, // Znak 599
    8, // Znak 600
    8, // Znak 601
    8, // Znak 602
    8, // Znak 603
    8, // Znak 604
    8, // Znak 605
    8, // Znak 606
    8, // Znak 607
    8, // Znak 608
    8, // Znak 609
    8, // Znak 610
    8, // Znak 611
    8, // Znak 612
    8, // Znak 613
    8, // Znak 614
    8, // Znak 615
    8, // Znak 616
    8, // Znak 617
    8, // Znak 618
    8, // Znak 619
    8, // Znak 620
    8, // Znak 621
    8, // Znak 622
    8, // Znak 623
    8, // Znak 624
    8, // Znak 625
    8, // Znak 626
    8, // Znak 627
    8, // Znak 628
    8, // Znak 629
    8, // Znak 630
    8, // Znak 631
    8, // Znak 632
    8, // Znak 633
    8, // Znak 634
    8, // Znak 635
    8, // Znak 636
    8, // Znak 637
    8, // Znak 638
    8, // Znak 639
    8, // Znak 640
    8, // Znak 641
    8, // Znak 642
    8, // Znak 643
    8, // Znak 644
    8, // Znak 645
    8, // Znak 646
    8, // Znak 647
    8, // Znak 648
    8, // Znak 649
    8, // Znak 650
    8, // Znak 651
    8, // Znak 652
    8, // Znak 653
    8, // Znak 654
    8, // Znak 655
    8, // Znak 656
    8, // Znak 657
    8, // Znak 658
    8, // Znak 659
    8, // Znak 660
    8, // Znak 661
    8, // Znak 662
    8, // Znak 663
    8, // Znak 664
    8, // Znak 665
    8, // Znak 666
    8, // Znak 667
    8, // Znak 668
    8, // Znak 669
    8, // Znak 670
    8, // Znak 671
    8, // Znak 672
    8, // Znak 673
    8, // Znak 674
    8, // Znak 675
    8, // Znak 676
    8, // Znak 677
    8, // Znak 678
    8, // Znak 679
    8, // Znak 680
    8, // Znak 681
    8, // Znak 682
    8, // Znak 683
    8, // Znak 684
    8, // Znak 685
    8, // Znak 686
    8, // Znak 687
    8, // Znak 688
    8, // Znak 689
    8, // Znak 690
    8, // Znak 691
    8, // Znak 692
    8, // Znak 693
    8, // Znak 694
    8, // Znak 695
    8, // Znak 696
    8, // Znak 697
    8, // Znak 698
    8, // Znak 699
    8, // Znak 700
    8, // Znak 701
    8, // Znak 702
    8, // Znak 703
    8, // Znak 704
    8, // Znak 705
    8, // Znak 706
    8, // Znak 707
    8, // Znak 708
    8, // Znak 709
    8, // Znak 710
    8, // Znak 711
    8, // Znak 712
    8, // Znak 713
    8, // Znak 714
    8, // Znak 715
    8, // Znak 716
    8, // Znak 717
    8, // Znak 718
    8, // Znak 719
    8, // Znak 720
    8, // Znak 721
    8, // Znak 722
    8, // Znak 723
    8, // Znak 724
    8, // Znak 725
    8, // Znak 726
    8, // Znak 727
    8, // Znak 728
    8, // Znak 729
    8, // Znak 730
    8, // Znak 731
    8, // Znak 732
    8, // Znak 733
    8, // Znak 734
    8, // Znak 735
    8, // Znak 736
    8, // Znak 737
    8, // Znak 738
    8, // Znak 739
    8, // Znak 740
    8, // Znak 741
    8, // Znak 742
    8, // Znak 743
    8, // Znak 744
    8, // Znak 745
    8, // Znak 746
    8, // Znak 747
    8, // Znak 748
    8, // Znak 749
    8, // Znak 750
    8, // Znak 751
    8, // Znak 752
    8, // Znak 753
    8, // Znak 754
    8, // Znak 755
    8, // Znak 756
    8, // Znak 757
    8, // Znak 758
    8, // Znak 759
    8, // Znak 760
    8, // Znak 761
    8, // Znak 762
    8, // Znak 763
    8, // Znak 764
    8, // Znak 765
    8, // Znak 766
    8, // Znak 767
    8, // Znak 768
    8, // Znak 769
    8, // Znak 770
    8, // Znak 771
    8, // Znak 772
    8, // Znak 773
    8, // Znak 774
    8, // Znak 775
    8, // Znak 776
    8, // Znak 777
    8, // Znak 778
    8, // Znak 779
    8, // Znak 780
    8, // Znak 781
    8, // Znak 782
    8, // Znak 783
    8, // Znak 784
    8, // Znak 785
    8, // Znak 786
    8, // Znak 787
    8, // Znak 788
    8, // Znak 789
    8, // Znak 790
    8, // Znak 791
    8, // Znak 792
    8, // Znak 793
    8, // Znak 794
    8, // Znak 795
    8, // Znak 796
    8, // Znak 797
    8, // Znak 798
    8, // Znak 799
    8, // Znak 800
    8, // Znak 801
    8, // Znak 802
    8, // Znak 803
    8, // Znak 804
    8, // Znak 805
    8, // Znak 806
    8, // Znak 807
    8, // Znak 808
    8, // Znak 809
    8, // Znak 810
    8, // Znak 811
    8, // Znak 812
    8, // Znak 813
    8, // Znak 814
    8, // Znak 815
    8, // Znak 816
    8, // Znak 817
    8, // Znak 818
    8, // Znak 819
    8, // Znak 820
    8, // Znak 821
    8, // Znak 822
    8, // Znak 823
    8, // Znak 824
    8, // Znak 825
    8, // Znak 826
    8, // Znak 827
    8, // Znak 828
    8, // Znak 829
    8, // Znak 830
    8, // Znak 831
    8, // Znak 832
    8, // Znak 833
    8, // Znak 834
    8, // Znak 835
    8, // Znak 836
    8, // Znak 837
    8, // Znak 838
    8, // Znak 839
    8, // Znak 840
    8, // Znak 841
    8, // Znak 842
    8, // Znak 843
    8, // Znak 844
    8, // Znak 845
    8, // Znak 846
    8, // Znak 847
    8, // Znak 848
    8, // Znak 849
    8, // Znak 850
    8, // Znak 851
    8, // Znak 852
    8, // Znak 853
    8, // Znak 854
    8, // Znak 855
    8, // Znak 856
    8, // Znak 857
    8, // Znak 858
    8, // Znak 859
    8, // Znak 860
    8, // Znak 861
    8, // Znak 862
    8, // Znak 863
    8, // Znak 864
    8, // Znak 865
    8, // Znak 866
    8, // Znak 867
    8, // Znak 868
    8, // Znak 869
    8, // Znak 870
    8, // Znak 871
    8, // Znak 872
    8, // Znak 873
    8, // Znak 874
    8, // Znak 875
    8, // Znak 876
    8, // Znak 877
    8, // Znak 878
    8, // Znak 879
    8, // Znak 880
    8, // Znak 881
    8, // Znak 882
    8, // Znak 883
    8, // Znak 884
    8, // Znak 885
    8, // Znak 886
    8, // Znak 887
    8, // Znak 888
    8, // Znak 889
    8, // Znak 890
    8, // Znak 891
    8, // Znak 892
    8, // Znak 893
    8, // Znak 894
    8, // Znak 895
    8, // Znak 896
    8, // Znak 897
    8, // Znak 898
    8, // Znak 899
    8, // Znak 900
    8, // Znak 901
    8, // Znak 902
    8, // Znak 903
    8, // Znak 904
    8, // Znak 905
    8, // Znak 906
    8, // Znak 907
    8, // Znak 908
    8, // Znak 909
    8, // Znak 910
    8, // Znak 911
    8, // Znak 912
    8, // Znak 913
    8, // Znak 914
    8, // Znak 915
    8, // Znak 916
    8, // Znak 917
    8, // Znak 918
    8, // Znak 919
    8, // Znak 920
    8, // Znak 921
    8, // Znak 922
    8, // Znak 923
    8, // Znak 924
    8, // Znak 925
    8, // Znak 926
    8, // Znak 927
    8, // Znak 928
    8, // Znak 929
    8, // Znak 930
    8, // Znak 931
    8, // Znak 932
    8, // Znak 933
    8, // Znak 934
    8, // Znak 935
    8, // Znak 936
    8, // Znak 937
    8, // Znak 938
    8, // Znak 939
    8, // Znak 940
    8, // Znak 941
    8, // Znak 942
    8, // Znak 943
    8, // Znak 944
    8, // Znak 945
    8, // Znak 946
    8, // Znak 947
    8, // Znak 948
    8, // Znak 949
    8, // Znak 950
    8, // Znak 951
    8, // Znak 952
    8, // Znak 953
    8, // Znak 954
    8, // Znak 955
    8, // Znak 956
    8, // Znak 957
    8, // Znak 958
    8, // Znak 959
    8, // Znak 960
    8, // Znak 961
    8, // Znak 962
    8, // Znak 963
    8, // Znak 964
    8, // Znak 965
    8, // Znak 966
    8, // Znak 967
    8, // Znak 968
    8, // Znak 969
    8, // Znak 970
    8, // Znak 971
    8, // Znak 972
    8, // Znak 973
    8, // Znak 974
    8, // Znak 975
    8, // Znak 976
    8, // Znak 977
    8, // Znak 978
    8, // Znak 979
    8, // Znak 980
    8, // Znak 981
    8, // Znak 982
    8, // Znak 983
    8, // Znak 984
    8, // Znak 985
    8, // Znak 986
    8, // Znak 987
    8, // Znak 988
    8, // Znak 989
    8, // Znak 990
    8, // Znak 991
    8, // Znak 992
    8, // Znak 993
    8, // Znak 994
    8, // Znak 995
    8, // Znak 996
    8, // Znak 997
    8, // Znak 998
    8, // Znak 999
    8, // Znak 1000
    8, // Znak 1001
    8, // Znak 1002
    8, // Znak 1003
    8, // Znak 1004
    8, // Znak 1005
    8, // Znak 1006
    8, // Znak 1007
    8, // Znak 1008
    8, // Znak 1009
    8, // Znak 1010
    8, // Znak 1011
    8, // Znak 1012
    8, // Znak 1013
    8, // Znak 1014
    8, // Znak 1015
    8, // Znak 1016
    8, // Znak 1017
    8, // Znak 1018
    8, // Znak 1019
    8, // Znak 1020
    8, // Znak 1021
    8, // Znak 1022
    8, // Znak 1023
    8, // Znak 1024
    7, // Znak 1025
    8, // Znak 1026
    8, // Znak 1027
    7, // Znak 1028
    8, // Znak 1029
    2, // Znak 1030
    4, // Znak 1031
    7, // Znak 1032
    11, // Znak 1033
    10, // Znak 1034
    8, // Znak 1035
    8, // Znak 1036
    8, // Znak 1037
    8, // Znak 1038
    8, // Znak 1039
    8, // Znak 1040
    7, // Znak 1041
    7, // Znak 1042
    6, // Znak 1043
    10, // Znak 1044
    7, // Znak 1045
    10, // Znak 1046
    7, // Znak 1047
    9, // Znak 1048
    9, // Znak 1049
    7, // Znak 1050
    8, // Znak 1051
    9, // Znak 1052
    7, // Znak 1053
    7, // Znak 1054
    7, // Znak 1055
    7, // Znak 1056
    7, // Znak 1057
    6, // Znak 1058
    7, // Znak 1059
    8, // Znak 1060
    7, // Znak 1061
    8, // Znak 1062
    7, // Znak 1063
    10, // Znak 1064
    11, // Znak 1065
    7, // Znak 1066
    9, // Znak 1067
    6, // Znak 1068
    7, // Znak 1069
    10, // Znak 1070
    7, // Znak 1071
    6, // Znak 1072
    6, // Znak 1073
    6, // Znak 1074
    4, // Znak 1075
    9, // Znak 1076
    6, // Znak 1077
    8, // Znak 1078
    6, // Znak 1079
    7, // Znak 1080
    7, // Znak 1081
    6, // Znak 1082
    7, // Znak 1083
    7, // Znak 1084
    6, // Znak 1085
    6, // Znak 1086
    6, // Znak 1087
    6, // Znak 1088
    6, // Znak 1089
    6, // Znak 1090
    6, // Znak 1091
    8, // Znak 1092
    6, // Znak 1093
    7, // Znak 1094
    6, // Znak 1095
    8, // Znak 1096
    9, // Znak 1097
    7, // Znak 1098
    9, // Znak 1099
    6, // Znak 1100
    6, // Znak 1101
    9, // Znak 1102
    6, // Znak 1103
    8, // Znak 1104
    6, // Znak 1105
    7, // Znak 1106
    8, // Znak 1107
    6, // Znak 1108
    8, // Znak 1109
    2, // Znak 1110
    4, // Znak 1111
    3, // Znak 1112
    11, // Znak 1113
    10, // Znak 1114
    7, // Znak 1115
    8, // Znak 1116
    8, // Znak 1117
    8, // Znak 1118
    6, // Znak 1119
    8, // Znak 1120
    8, // Znak 1121
    8, // Znak 1122
    8, // Znak 1123
    8, // Znak 1124
    8, // Znak 1125
    8, // Znak 1126
    8, // Znak 1127
    8, // Znak 1128
    8, // Znak 1129
    8, // Znak 1130
    8, // Znak 1131
    8, // Znak 1132
    8, // Znak 1133
    8, // Znak 1134
    8, // Znak 1135
    8, // Znak 1136
    8, // Znak 1137
    8, // Znak 1138
    8, // Znak 1139
    8, // Znak 1140
    8, // Znak 1141
    8, // Znak 1142
    8, // Znak 1143
    8, // Znak 1144
    8, // Znak 1145
    8, // Znak 1146
    8, // Znak 1147
    8, // Znak 1148
    8, // Znak 1149
    8, // Znak 1150
    8, // Znak 1151
    8, // Znak 1152
    8, // Znak 1153
    8, // Znak 1154
    8, // Znak 1155
    8, // Znak 1156
    8, // Znak 1157
    8, // Znak 1158
    8, // Znak 1159
    8, // Znak 1160
    8, // Znak 1161
    8, // Znak 1162
    8, // Znak 1163
    8, // Znak 1164
    8, // Znak 1165
    8, // Znak 1166
    8, // Znak 1167
    6, // Znak 1168
    5, // Znak 1169
};
